{"type":"FeatureCollection","features":[{"id":"feature_00","type":"Feature","properties":{"nome":"Arno-Casentino","comuni":["Bibbiena","Capolona","Castel Focognano","Castel San Niccolò","Chitignano","Chiusi della Verna","Montemignaio","Ortignano Raggiolo","Poppi","Pratovecchio Stia","Subbiano","Talla"]},"geometry":{"type":"Polygon","coordinates":[[[11.7102,43.8774],[11.692,43.8727],[11.683,43.8751],[11.6795,43.8779],[11.6733,43.8752],[11.6704,43.8768],[11.6604,43.8719],[11.6497,43.8602],[11.6544,43.847],[11.6527,43.8418],[11.6497,43.8456],[11.637,43.845],[11.6343,43.8472],[11.6302,43.8467],[11.6233,43.8317],[11.6295,43.8249],[11.6285,43.8212],[11.6253,43.8198],[11.6236,43.8149],[11.6103,43.8108],[11.6085,43.8084],[11.6048,43.8102],[11.605,43.8013],[11.6022,43.7912],[11.6038,43.7874],[11.6022,43.7839],[11.5973,43.7832],[11.595,43.7772],[11.5956,43.7711],[11.5829,43.7681],[11.5827,43.7608],[11.5859,43.7575],[11.5856,43.7531],[11.5896,43.7472],[11.5809,43.7427],[11.572,43.7334],[11.5778,43.7256],[11.5777,43.7205],[11.5819,43.7177],[11.5938,43.716],[11.6007,43.7034],[11.6111,43.6944],[11.6116,43.6903],[11.6094,43.686],[11.6139,43.6784],[11.6207,43.6748],[11.6241,43.6671],[11.6443,43.6626],[11.6443,43.6583],[11.6468,43.655],[11.6681,43.6499],[11.6786,43.6444],[11.6807,43.6376],[11.6898,43.6269],[11.6917,43.6176],[11.6946,43.6149],[11.692,43.6123],[11.6996,43.6077],[11.7039,43.6014],[11.7112,43.5972],[11.7111,43.5904],[11.7149,43.5824],[11.7195,43.5789],[11.7211,43.5804],[11.7297,43.5781],[11.7391,43.5724],[11.7496,43.5726],[11.7676,43.5603],[11.7776,43.5597],[11.7874,43.5464],[11.7869,43.5338],[11.7921,43.5319],[11.7957,43.5282],[11.7972,43.5255],[11.7951,43.5238],[11.7982,43.5182],[11.8037,43.5179],[11.8031,43.5194],[11.8049,43.5199],[11.8113,43.5174],[11.8119,43.514],[11.8162,43.5098],[11.8244,43.5142],[11.8283,43.5202],[11.8424,43.5187],[11.846,43.5223],[11.8464,43.5277],[11.8573,43.5271],[11.857,43.537],[11.8482,43.5454],[11.8623,43.5574],[11.8761,43.5552],[11.8751,43.5528],[11.8789,43.5522],[11.8788,43.5494],[11.8855,43.5489],[11.8899,43.5421],[11.8972,43.5374],[11.9055,43.5417],[11.9064,43.54],[11.9113,43.5409],[11.9271,43.5467],[11.931,43.5518],[11.9355,43.5506],[11.9505,43.5581],[11.9551,43.5652],[11.9639,43.5702],[11.9679,43.575],[11.9642,43.5841],[11.9654,43.5884],[11.9606,43.6027],[11.9422,43.6047],[11.9468,43.6144],[11.9456,43.6218],[11.9396,43.6257],[11.9224,43.6278],[11.9142,43.6384],[11.9182,43.6433],[11.9198,43.6514],[11.9252,43.657],[11.9261,43.666],[11.9602,43.6808],[11.9699,43.6761],[11.9728,43.68],[11.9784,43.6799],[11.9818,43.6838],[11.9808,43.6957],[11.9846,43.6999],[11.9798,43.7112],[11.975,43.7145],[11.9735,43.7213],[11.9798,43.724],[11.9843,43.7306],[11.9811,43.7405],[11.9865,43.7619],[11.9526,43.7766],[11.9511,43.779],[11.9521,43.7859],[11.9478,43.7906],[11.9365,43.7909],[11.9286,43.7941],[11.9184,43.7938],[11.9125,43.7998],[11.9144,43.8083],[11.9106,43.8137],[11.8971,43.8079],[11.8853,43.8082],[11.8831,43.8111],[11.8762,43.8105],[11.8702,43.8166],[11.8674,43.8169],[11.8639,43.8151],[11.8554,43.8157],[11.8486,43.8083],[11.8407,43.8081],[11.8326,43.8127],[11.8179,43.8169],[11.8167,43.8222],[11.8051,43.8313],[11.7931,43.8363],[11.7926,43.8403],[11.7857,43.847],[11.7598,43.8543],[11.7572,43.8567],[11.748,43.8582],[11.7435,43.8611],[11.7325,43.8632],[11.7219,43.8744],[11.7102,43.8774]]]}},{"id":"feature_01","type":"Feature","properties":{"nome":"Arno-Costa","comuni":["Livorno","Pisa","Rosignano Marittimo"]},"geometry":{"type":"MultiPolygon","coordinates":[[[[10.4453,43.7109],[10.4284,43.7169],[10.4169,43.7254],[10.4243,43.7372],[10.39,43.7393],[10.3416,43.7323],[10.3293,43.7332],[10.3284,43.7304],[10.325,43.7295],[10.3125,43.7347],[10.3061,43.7403],[10.2991,43.7505],[10.2811,43.7473],[10.2736,43.7517],[10.2776,43.7367],[10.2767,43.7344],[10.2745,43.7344],[10.2787,43.7238],[10.2754,43.717],[10.2828,43.6885],[10.2802,43.6814],[10.2682,43.6775],[10.2812,43.6561],[10.2865,43.6372],[10.2907,43.6008],[10.3007,43.5752],[10.301,43.5727],[10.2957,43.5687],[10.2967,43.5623],[10.2904,43.5578],[10.3051,43.5665],[10.3032,43.5805],[10.3049,43.5832],[10.3071,43.5719],[10.3094,43.5711],[10.3094,43.575],[10.3115,43.5762],[10.3113,43.5714],[10.3151,43.5745],[10.3199,43.5843],[10.3165,43.5746],[10.318,43.5731],[10.3145,43.5723],[10.3032,43.5637],[10.3024,43.5604],[10.3001,43.5607],[10.2954,43.5567],[10.3004,43.5595],[10.3007,43.5572],[10.2941,43.5524],[10.2954,43.551],[10.3039,43.557],[10.2983,43.5515],[10.3018,43.5514],[10.2996,43.5498],[10.3017,43.55],[10.3008,43.5486],[10.3025,43.5469],[10.3042,43.5489],[10.3038,43.545],[10.3007,43.5455],[10.3019,43.5468],[10.299,43.5463],[10.2949,43.5501],[10.2979,43.5454],[10.2925,43.547],[10.2947,43.5437],[10.2937,43.5419],[10.3006,43.541],[10.3005,43.537],[10.2979,43.5351],[10.3015,43.5334],[10.3018,43.5302],[10.3065,43.529],[10.3063,43.528],[10.3045,43.5287],[10.3059,43.5265],[10.3087,43.5268],[10.3098,43.5237],[10.3086,43.5232],[10.3111,43.5225],[10.3121,43.5187],[10.316,43.5181],[10.3141,43.5141],[10.319,43.5115],[10.3201,43.4977],[10.3233,43.4952],[10.3243,43.4909],[10.3291,43.488],[10.3287,43.4852],[10.332,43.4833],[10.3318,43.4787],[10.3292,43.4765],[10.3305,43.4738],[10.3411,43.4652],[10.3544,43.4641],[10.3552,43.4607],[10.3596,43.4616],[10.3623,43.4584],[10.3659,43.4583],[10.3772,43.4478],[10.3812,43.4501],[10.3788,43.4473],[10.3822,43.4458],[10.3841,43.4403],[10.3828,43.4408],[10.3877,43.4337],[10.3925,43.4284],[10.3998,43.4252],[10.4,43.4162],[10.4074,43.4068],[10.4039,43.4052],[10.4041,43.4017],[10.4071,43.4005],[10.411,43.4029],[10.4174,43.4035],[10.4252,43.3998],[10.4299,43.3893],[10.429,43.3873],[10.4308,43.3871],[10.4292,43.3865],[10.4305,43.3819],[10.4348,43.3807],[10.4407,43.3711],[10.4409,43.3673],[10.4377,43.3664],[10.4417,43.3652],[10.4443,43.3544],[10.423,43.3563],[10.4263,43.3553],[10.4442,43.3541],[10.444,43.3525],[10.4464,43.3553],[10.4454,43.353],[10.449,43.3542],[10.4559,43.3419],[10.4552,43.3286],[10.459,43.3218],[10.4628,43.3191],[10.4826,43.3284],[10.5025,43.3482],[10.5058,43.3546],[10.5051,43.3591],[10.509,43.3632],[10.5025,43.3782],[10.4977,43.3829],[10.4978,43.3849],[10.4999,43.385],[10.5007,43.3941],[10.4962,43.3957],[10.496,43.3989],[10.49,43.404],[10.5009,43.413],[10.5042,43.4307],[10.5068,43.4327],[10.5048,43.4365],[10.5008,43.4373],[10.4988,43.4357],[10.4936,43.4374],[10.4863,43.4359],[10.484,43.4302],[10.4818,43.4344],[10.4823,43.4372],[10.4872,43.4376],[10.4998,43.4464],[10.5006,43.4504],[10.4919,43.4564],[10.4924,43.4661],[10.4846,43.4864],[10.4733,43.4916],[10.4662,43.4905],[10.4661,43.4926],[10.4474,43.4902],[10.447,43.4944],[10.4442,43.4978],[10.4382,43.4954],[10.4205,43.5045],[10.4163,43.5107],[10.4181,43.5126],[10.4164,43.5214],[10.4184,43.5324],[10.4084,43.5452],[10.4124,43.5501],[10.4114,43.5544],[10.4022,43.5584],[10.3965,43.5643],[10.3813,43.5673],[10.3749,43.575],[10.3466,43.5761],[10.3404,43.5804],[10.3394,43.5841],[10.338,43.5959],[10.3661,43.6029],[10.3654,43.6045],[10.3771,43.6094],[10.4092,43.6206],[10.4116,43.6286],[10.4408,43.6506],[10.4379,43.6636],[10.4416,43.6689],[10.4417,43.6734],[10.4554,43.6939],[10.4529,43.6968],[10.4558,43.7009],[10.4476,43.7034],[10.4443,43.7095],[10.4453,43.7109]]],[[[10.2194,43.5479],[10.219,43.5484],[10.2189,43.5478],[10.2194,43.5479]]],[[[9.9014,43.4396],[9.9014,43.4357],[9.8925,43.4363],[9.8886,43.4286],[9.8898,43.423],[9.9011,43.4198],[9.901,43.4223],[9.9077,43.4256],[9.908,43.4356],[9.9014,43.4396]]]]}},{"id":"feature_02","type":"Feature","properties":{"nome":"Arno-Firenze","comuni":["Bagno a Ripoli","Barberino Tavarnelle","Fiesole","Firenze","Greve in Chianti","Impruneta","Lastra a Signa","Pontassieve","San Casciano in Val di Pesa","Scandicci"]},"geometry":{"type":"Polygon","coordinates":[[[11.4408,43.77],[11.4397,43.7774],[11.4331,43.7861],[11.4337,43.7906],[11.4372,43.7913],[11.4417,43.8001],[11.4498,43.8072],[11.4466,43.818],[11.4486,43.8298],[11.4399,43.833],[11.4359,43.8384],[11.4272,43.8384],[11.4198,43.8417],[11.4173,43.8512],[11.4237,43.8576],[11.4193,43.8659],[11.4235,43.8727],[11.4057,43.8741],[11.3994,43.87],[11.3808,43.8732],[11.3448,43.8704],[11.3396,43.8641],[11.327,43.8565],[11.326,43.8541],[11.3216,43.8531],[11.3193,43.8487],[11.3154,43.8492],[11.3079,43.8428],[11.3022,43.8451],[11.3012,43.8418],[11.3029,43.8401],[11.3014,43.8382],[11.2924,43.8405],[11.2895,43.8373],[11.2776,43.8318],[11.2773,43.8268],[11.2688,43.8274],[11.2603,43.8342],[11.2511,43.8351],[11.2469,43.8329],[11.2468,43.8308],[11.2448,43.8312],[11.2425,43.8256],[11.2392,43.824],[11.2338,43.8288],[11.2269,43.8224],[11.2153,43.8189],[11.2048,43.8084],[11.194,43.8129],[11.1818,43.7998],[11.1569,43.8029],[11.1536,43.7994],[11.1566,43.7975],[11.1506,43.7862],[11.1133,43.7798],[11.1007,43.7735],[11.0914,43.7735],[11.0714,43.7823],[11.068,43.7765],[11.0622,43.7742],[11.0567,43.7588],[11.0506,43.7596],[11.0458,43.7643],[11.0427,43.7584],[11.0488,43.7564],[11.05,43.7507],[11.0527,43.7485],[11.0423,43.7384],[11.0468,43.7346],[11.0466,43.7326],[11.0285,43.7243],[11.0358,43.723],[11.0364,43.7181],[11.0427,43.7188],[11.0426,43.7143],[11.0494,43.7134],[11.0548,43.7089],[11.059,43.71],[11.0662,43.7084],[11.0842,43.7034],[11.0959,43.6963],[11.1262,43.6834],[11.1385,43.6616],[11.1573,43.6499],[11.1539,43.6467],[11.1492,43.6465],[11.1506,43.6477],[11.1489,43.6481],[11.1335,43.6442],[11.1281,43.6466],[11.1293,43.6423],[11.1279,43.6387],[11.1388,43.6273],[11.1326,43.6215],[11.1334,43.6181],[11.1517,43.6109],[11.1632,43.6024],[11.1497,43.5914],[11.145,43.5933],[11.1437,43.5898],[11.1479,43.5737],[11.1542,43.5715],[11.1586,43.5671],[11.1571,43.557],[11.1496,43.5477],[11.1632,43.5457],[11.1779,43.5502],[11.1924,43.5499],[11.1984,43.5376],[11.1961,43.5305],[11.2031,43.5299],[11.2118,43.5322],[11.2231,43.5305],[11.2321,43.5321],[11.2376,43.5309],[11.2401,43.5283],[11.2566,43.5321],[11.2663,43.5268],[11.272,43.5292],[11.2683,43.5426],[11.2696,43.5458],[11.2755,43.5454],[11.2787,43.5387],[11.2905,43.5329],[11.2938,43.5263],[11.2924,43.521],[11.2943,43.5187],[11.2987,43.5191],[11.2999,43.521],[11.3072,43.5182],[11.3161,43.5227],[11.3265,43.5235],[11.3339,43.528],[11.3525,43.5274],[11.3558,43.5311],[11.3573,43.5282],[11.3627,43.5258],[11.3819,43.5327],[11.3835,43.5376],[11.3815,43.5406],[11.3859,43.5472],[11.3975,43.5482],[11.4042,43.5527],[11.4079,43.5587],[11.4029,43.5677],[11.4044,43.579],[11.4033,43.5845],[11.4078,43.5956],[11.4047,43.596],[11.4014,43.6005],[11.3943,43.5975],[11.3846,43.6066],[11.3783,43.6075],[11.3723,43.6107],[11.3706,43.6162],[11.3809,43.6237],[11.3683,43.6323],[11.3737,43.6354],[11.3813,43.6482],[11.3872,43.6524],[11.3911,43.6484],[11.3944,43.6511],[11.394,43.6548],[11.3977,43.6563],[11.3918,43.6617],[11.3924,43.6704],[11.3883,43.6762],[11.3883,43.6808],[11.3848,43.688],[11.3697,43.6878],[11.3685,43.6954],[11.3609,43.6945],[11.3654,43.6993],[11.3669,43.7047],[11.3732,43.7122],[11.3741,43.7159],[11.3779,43.7166],[11.3801,43.7202],[11.3854,43.7222],[11.3838,43.7265],[11.386,43.7299],[11.3854,43.7387],[11.391,43.7439],[11.3854,43.7472],[11.3895,43.7551],[11.3875,43.7569],[11.4058,43.7643],[11.4126,43.765],[11.4164,43.7724],[11.4342,43.7683],[11.4408,43.77]]]}},{"id":"feature_03","type":"Feature","properties":{"nome":"Arno-Valdarno Sup.","comuni":["Bucine","Castelfranco Piandiscò","Castiglion Fibocchi","Cavriglia","Figline e Incisa Valdarno","Laterina Pergine Valdarno","Loro Ciuffenna","Montevarchi","Reggello","Rignano sull'Arno","San Giovanni Valdarno","Terranuova Bracciolini"]},"geometry":{"type":"Polygon","coordinates":[[[11.4408,43.77],[11.4342,43.7683],[11.4164,43.7724],[11.4126,43.765],[11.4058,43.7643],[11.3875,43.7569],[11.3895,43.7551],[11.3854,43.7472],[11.391,43.7439],[11.3854,43.7387],[11.386,43.7299],[11.3838,43.7265],[11.3854,43.7222],[11.3801,43.7202],[11.3779,43.7166],[11.3741,43.7159],[11.3732,43.7122],[11.3669,43.7047],[11.3654,43.6993],[11.3609,43.6945],[11.3685,43.6954],[11.3697,43.6878],[11.3848,43.688],[11.3883,43.6808],[11.3883,43.6762],[11.3924,43.6704],[11.3918,43.6617],[11.3977,43.6563],[11.394,43.6548],[11.3944,43.6511],[11.3911,43.6484],[11.3872,43.6524],[11.3813,43.6482],[11.3737,43.6354],[11.3683,43.6323],[11.3809,43.6237],[11.3706,43.6162],[11.3723,43.6107],[11.3783,43.6075],[11.3846,43.6066],[11.3943,43.5975],[11.4014,43.6005],[11.4047,43.596],[11.4078,43.5956],[11.4033,43.5845],[11.4044,43.579],[11.4029,43.5677],[11.4079,43.5587],[11.4042,43.5527],[11.3975,43.5482],[11.3976,43.5469],[11.403,43.5485],[11.4146,43.5349],[11.4252,43.5297],[11.4302,43.5234],[11.4295,43.5203],[11.434,43.5173],[11.4359,43.5116],[11.4529,43.5128],[11.4608,43.5103],[11.4579,43.503],[11.4596,43.4999],[11.4663,43.4995],[11.4644,43.494],[11.4728,43.4846],[11.479,43.4794],[11.4846,43.477],[11.4887,43.4778],[11.5018,43.4607],[11.5045,43.4647],[11.5133,43.4687],[11.5186,43.4674],[11.5246,43.4629],[11.5285,43.4569],[11.5506,43.4596],[11.5471,43.4482],[11.5399,43.4452],[11.543,43.4395],[11.5423,43.4332],[11.5464,43.4262],[11.5456,43.4213],[11.5343,43.4105],[11.535,43.4066],[11.5297,43.3986],[11.5302,43.3943],[11.548,43.3777],[11.5633,43.3747],[11.5638,43.3681],[11.5666,43.3623],[11.5703,43.3632],[11.5787,43.3614],[11.5931,43.3526],[11.6125,43.3475],[11.6123,43.3539],[11.6167,43.36],[11.6147,43.3626],[11.6251,43.3689],[11.63,43.3676],[11.6369,43.3707],[11.6414,43.3702],[11.6524,43.3738],[11.6605,43.3702],[11.6724,43.3711],[11.678,43.3686],[11.6743,43.375],[11.6688,43.3937],[11.6804,43.403],[11.6781,43.4075],[11.6672,43.4137],[11.667,43.4216],[11.6792,43.4215],[11.6898,43.4243],[11.6955,43.4225],[11.7178,43.4224],[11.7187,43.4279],[11.716,43.4405],[11.7177,43.4532],[11.7145,43.4564],[11.7164,43.4594],[11.7141,43.4777],[11.7176,43.4758],[11.7218,43.4762],[11.7249,43.4822],[11.7295,43.4851],[11.7243,43.491],[11.7244,43.4983],[11.7314,43.4973],[11.7332,43.5015],[11.7407,43.5014],[11.7442,43.4984],[11.7449,43.4931],[11.748,43.4936],[11.755,43.501],[11.7524,43.5037],[11.7512,43.51],[11.7524,43.5156],[11.7502,43.517],[11.7557,43.5217],[11.7633,43.5177],[11.7774,43.5148],[11.7752,43.5258],[11.7783,43.5282],[11.7804,43.5344],[11.7869,43.5338],[11.7874,43.5464],[11.7776,43.5597],[11.7676,43.5603],[11.7496,43.5726],[11.7391,43.5724],[11.7297,43.5781],[11.7211,43.5804],[11.7195,43.5789],[11.7149,43.5824],[11.7111,43.5904],[11.7112,43.5972],[11.7039,43.6014],[11.6996,43.6077],[11.692,43.6123],[11.6946,43.6149],[11.6917,43.6176],[11.6898,43.6269],[11.6807,43.6376],[11.6786,43.6444],[11.6681,43.6499],[11.6468,43.655],[11.6443,43.6583],[11.6443,43.6626],[11.6241,43.6671],[11.6207,43.6748],[11.6139,43.6784],[11.6094,43.686],[11.6116,43.6903],[11.6111,43.6944],[11.6007,43.7034],[11.5938,43.716],[11.5819,43.7177],[11.5777,43.7205],[11.5778,43.7256],[11.572,43.7334],[11.5809,43.7427],[11.5896,43.7472],[11.5856,43.7531],[11.5859,43.7575],[11.5827,43.7608],[11.5829,43.7681],[11.5771,43.7649],[11.5704,43.7662],[11.5672,43.7617],[11.552,43.7587],[11.5447,43.754],[11.5277,43.7526],[11.5244,43.7484],[11.5167,43.7471],[11.5055,43.7418],[11.5004,43.7425],[11.4974,43.7399],[11.4792,43.7383],[11.4729,43.7387],[11.4673,43.7417],[11.4677,43.747],[11.4642,43.7537],[11.4655,43.7597],[11.4593,43.7653],[11.4572,43.7705],[11.4408,43.77]]]}},{"id":"feature_04","type":"Feature","properties":{"nome":"Bisenzio e Ombrone Pt","comuni":["Agliana","Calenzano","Campi Bisenzio","Cantagallo","Carmignano","Montale","Montemurlo","Pistoia","Poggio a Caiano","Prato","Quarrata","Serravalle Pistoiese","Sesto Fiorentino","Signa","Vaiano","Vernio"]},"geometry":{"type":"Polygon","coordinates":[[[11.1869,44.0744],[11.1751,44.0751],[11.1729,44.0815],[11.1675,44.0849],[11.1633,44.0912],[11.1602,44.0896],[11.1463,44.09],[11.144,44.0871],[11.1338,44.0872],[11.1217,44.0821],[11.1166,44.0826],[11.1155,44.0867],[11.1115,44.09],[11.1088,44.0984],[11.1046,44.1001],[11.0938,44.095],[11.0899,44.0901],[11.0822,44.0896],[11.08,44.0869],[11.0833,44.0795],[11.0764,44.0745],[11.0786,44.0692],[11.0783,44.0575],[11.0686,44.0529],[11.0637,44.0443],[11.0632,44.0392],[11.0581,44.0352],[11.0583,44.0321],[11.0538,44.0273],[11.0531,44.018],[11.0501,44.017],[11.0467,44.0109],[11.0425,44.0102],[11.0315,44.0031],[11.0304,43.9988],[11.0208,43.9985],[11.0147,43.9959],[11.0118,43.9976],[11.0096,43.9962],[11.0057,43.9974],[11.001,44.0014],[10.994,44.0026],[10.9917,44.0073],[10.9818,44.0137],[10.9617,44.0102],[10.9482,44.0125],[10.9469,44.0156],[10.9359,44.0189],[10.934,44.0228],[10.9351,44.0283],[10.9319,44.0295],[10.9301,44.0326],[10.933,44.0368],[10.9314,44.0418],[10.922,44.0461],[10.9165,44.0401],[10.9027,44.0381],[10.8943,44.0319],[10.8769,44.0283],[10.8733,44.023],[10.8731,44.0177],[10.8632,44.0122],[10.8553,44.0017],[10.8501,44.0009],[10.8467,44.0034],[10.836,44.0026],[10.8335,44.0042],[10.8298,44.0024],[10.8118,44.0031],[10.8078,43.9956],[10.8086,43.9917],[10.8181,43.984],[10.8188,43.9807],[10.8279,43.9784],[10.8336,43.9739],[10.8381,43.9658],[10.8384,43.9593],[10.8441,43.9508],[10.839,43.9507],[10.83,43.9437],[10.8319,43.9418],[10.8272,43.939],[10.827,43.9313],[10.8167,43.9298],[10.8111,43.9243],[10.8122,43.9216],[10.8144,43.923],[10.8202,43.9214],[10.8092,43.913],[10.8086,43.9067],[10.8152,43.9056],[10.811,43.8965],[10.8173,43.8884],[10.8168,43.8867],[10.8324,43.8886],[10.8422,43.8863],[10.8434,43.8874],[10.8445,43.885],[10.8573,43.8775],[10.8601,43.8728],[10.8703,43.8676],[10.8821,43.8647],[10.8781,43.8555],[10.879,43.8488],[10.8889,43.8537],[10.8981,43.8529],[10.9013,43.8477],[10.9041,43.8499],[10.9061,43.8467],[10.9149,43.8471],[10.9351,43.8362],[10.942,43.8234],[10.957,43.8194],[10.9641,43.8125],[10.9694,43.8039],[10.9767,43.7985],[10.9797,43.7939],[10.9784,43.7847],[10.9851,43.7848],[10.9983,43.777],[11.0075,43.7765],[11.0126,43.7742],[11.0184,43.7794],[11.0281,43.7796],[11.0282,43.7737],[11.0347,43.7669],[11.0406,43.7673],[11.0458,43.7643],[11.0506,43.7596],[11.0567,43.7588],[11.0622,43.7742],[11.068,43.7765],[11.0714,43.7823],[11.0914,43.7735],[11.1007,43.7735],[11.1133,43.7798],[11.1506,43.7862],[11.1566,43.7975],[11.1536,43.7994],[11.1569,43.8029],[11.1818,43.7998],[11.194,43.8129],[11.2048,43.8084],[11.2153,43.8189],[11.2269,43.8224],[11.2338,43.8288],[11.2392,43.824],[11.2425,43.8256],[11.2448,43.8312],[11.2468,43.8308],[11.2469,43.8329],[11.2511,43.8351],[11.2603,43.8342],[11.2688,43.8274],[11.2773,43.8268],[11.2776,43.8318],[11.2895,43.8373],[11.2896,43.8439],[11.2865,43.8467],[11.2914,43.8501],[11.2899,43.8611],[11.287,43.8615],[11.2844,43.8569],[11.2738,43.8646],[11.2848,43.8674],[11.2854,43.87],[11.2638,43.8735],[11.2574,43.8642],[11.2524,43.8621],[11.2424,43.8668],[11.2404,43.8727],[11.2378,43.8732],[11.232,43.8815],[11.2328,43.8928],[11.2298,43.9003],[11.2357,43.9002],[11.2374,43.9025],[11.2506,43.9055],[11.2503,43.9078],[11.254,43.9119],[11.2489,43.9182],[11.2616,43.9175],[11.2615,43.9238],[11.2517,43.9265],[11.2503,43.9305],[11.2413,43.9341],[11.2451,43.9499],[11.2502,43.9534],[11.2339,43.9519],[11.2269,43.9538],[11.2221,43.9578],[11.217,43.9549],[11.2096,43.955],[11.2028,43.9491],[11.1894,43.948],[11.1751,43.9517],[11.1694,43.9628],[11.1739,43.9745],[11.171,43.9806],[11.1749,43.9876],[11.178,43.9869],[11.18,43.9928],[11.176,43.9959],[11.1751,44.0027],[11.177,44.0069],[11.1735,44.011],[11.1789,44.0104],[11.1805,44.0148],[11.187,44.017],[11.1916,44.0298],[11.1794,44.0423],[11.1804,44.0511],[11.1865,44.0576],[11.1869,44.0744]]]}},{"id":"feature_05","type":"Feature","properties":{"nome":"Etruria","comuni":["Campiglia Marittima","Casale Marittimo","Castellina Marittima","Castelnuovo di Val di Cecina","Gavorrano","Guardistallo","Massa Marittima","Montecatini Val di Cecina","Monterotondo Marittimo","Montescudaio","Monteverdi Marittimo","Montieri","Orciano Pisano","Pomarance","Radicondoli","Riparbella","Roccastrada","Santa Luce","Sassetta","Suvereto"]},"geometry":{"type":"Polygon","coordinates":[[[10.6014,43.4829],[10.5997,43.4871],[10.5964,43.4892],[10.5985,43.4976],[10.5728,43.5042],[10.5681,43.5016],[10.5607,43.5014],[10.5583,43.5076],[10.5517,43.5136],[10.5461,43.5153],[10.5461,43.5176],[10.5444,43.5168],[10.5425,43.5062],[10.5272,43.4986],[10.5142,43.5026],[10.5026,43.5121],[10.4877,43.5087],[10.479,43.5181],[10.4743,43.5132],[10.4738,43.5048],[10.4846,43.4864],[10.4924,43.4661],[10.4919,43.4564],[10.5006,43.4504],[10.4998,43.4464],[10.4872,43.4376],[10.4823,43.4372],[10.4818,43.4344],[10.484,43.4302],[10.4863,43.4359],[10.4936,43.4374],[10.4988,43.4357],[10.5008,43.4373],[10.5048,43.4365],[10.5068,43.4327],[10.5042,43.4307],[10.5009,43.413],[10.49,43.404],[10.496,43.3989],[10.4962,43.3957],[10.5007,43.3941],[10.4999,43.385],[10.4978,43.3849],[10.4977,43.3829],[10.5025,43.3782],[10.509,43.3632],[10.5147,43.3621],[10.5306,43.368],[10.54,43.3678],[10.5368,43.3639],[10.5371,43.3606],[10.5334,43.3572],[10.5358,43.3448],[10.533,43.3362],[10.5226,43.3249],[10.5319,43.3236],[10.5405,43.3131],[10.5497,43.309],[10.5534,43.3076],[10.5618,43.3083],[10.563,43.3013],[10.5664,43.2973],[10.5793,43.2921],[10.6163,43.2827],[10.6519,43.2835],[10.6571,43.2923],[10.6621,43.2903],[10.6679,43.2908],[10.6793,43.2961],[10.6857,43.3015],[10.6913,43.2958],[10.6954,43.2956],[10.6983,43.2926],[10.6976,43.2878],[10.6947,43.2844],[10.6967,43.2809],[10.6802,43.2744],[10.667,43.2651],[10.6675,43.253],[10.6722,43.2473],[10.6646,43.2461],[10.6654,43.2439],[10.6684,43.2431],[10.6702,43.235],[10.6684,43.232],[10.6621,43.2295],[10.6636,43.2265],[10.6706,43.222],[10.6788,43.2247],[10.6903,43.2242],[10.6854,43.2154],[10.6905,43.2082],[10.6884,43.2032],[10.6815,43.1979],[10.6788,43.193],[10.6621,43.1954],[10.6431,43.1908],[10.6487,43.1808],[10.6487,43.1692],[10.6539,43.1648],[10.65,43.16],[10.6329,43.153],[10.6345,43.1496],[10.6325,43.143],[10.6337,43.1334],[10.6272,43.1284],[10.6386,43.1146],[10.6362,43.1087],[10.6267,43.0984],[10.6269,43.0912],[10.6131,43.093],[10.609,43.0895],[10.5932,43.0874],[10.5867,43.0837],[10.5791,43.0837],[10.5738,43.0799],[10.5808,43.0781],[10.5653,43.0602],[10.5682,43.0565],[10.5608,43.0501],[10.5477,43.0505],[10.5546,43.0381],[10.5606,43.0328],[10.5564,43.0269],[10.5462,43.0277],[10.5442,43.0186],[10.5939,42.9856],[10.6149,42.9897],[10.6661,43.0125],[10.6787,43.0149],[10.7124,43.0091],[10.716,43.0026],[10.7158,42.9997],[10.7181,42.9976],[10.7379,43.0014],[10.7427,43.0085],[10.7403,43.013],[10.7414,43.0146],[10.7483,43.0147],[10.7565,43.0108],[10.7636,43.0133],[10.7708,43.0089],[10.7756,43.0088],[10.7806,43.0034],[10.7931,43.0014],[10.7927,42.9991],[10.7981,42.9916],[10.7986,42.9866],[10.8029,42.9819],[10.805,42.9693],[10.8065,42.969],[10.8049,42.9651],[10.8062,42.9601],[10.823,42.9588],[10.8409,42.9628],[10.8536,42.9632],[10.8511,42.9609],[10.8524,42.954],[10.8457,42.9494],[10.8462,42.9451],[10.8501,42.9436],[10.8503,42.9415],[10.8569,42.9358],[10.8693,42.9303],[10.8727,42.9255],[10.8707,42.9226],[10.8723,42.9203],[10.8831,42.9115],[10.8931,42.8997],[10.8902,42.8992],[10.8848,42.8935],[10.8872,42.89],[10.8834,42.8884],[10.8817,42.883],[10.8836,42.8748],[10.8897,42.8662],[10.9158,42.8682],[10.9398,42.8765],[10.9541,42.875],[10.963,42.882],[10.9896,42.8883],[11.0072,42.884],[11.0149,42.8765],[11.0203,42.8777],[11.0396,42.8728],[11.0373,42.8803],[11.0373,42.9033],[11.0577,42.8955],[11.0641,42.9017],[11.0624,42.9032],[11.0713,42.9195],[11.0707,42.9223],[11.0771,42.924],[11.08,42.9231],[11.083,42.9165],[11.131,42.8994],[11.1427,42.8934],[11.1489,42.9009],[11.1606,42.9094],[11.164,42.9177],[11.1798,42.9228],[11.1809,42.9263],[11.1796,42.9299],[11.1754,42.9334],[11.1774,42.9354],[11.1758,42.9379],[11.1956,42.9384],[11.2047,42.9344],[11.2021,42.9358],[11.1997,42.9452],[11.2026,42.9469],[11.2111,42.951],[11.2226,42.9495],[11.2393,42.9558],[11.2419,42.9545],[11.244,42.9558],[11.2313,42.9645],[11.2265,42.9822],[11.2279,42.9865],[11.2252,42.9881],[11.2255,42.9935],[11.2219,43.0043],[11.2187,43.0061],[11.215,43.0144],[11.2183,43.0207],[11.2147,43.0234],[11.2164,43.0261],[11.2127,43.0301],[11.2097,43.0282],[11.2042,43.0303],[11.2041,43.0324],[11.1999,43.031],[11.2005,43.0407],[11.1971,43.0416],[11.1963,43.0467],[11.1879,43.0494],[11.1927,43.056],[11.1949,43.056],[11.2193,43.0524],[11.2255,43.0533],[11.2298,43.0524],[11.2331,43.0483],[11.2364,43.0485],[11.2386,43.0522],[11.2446,43.0518],[11.2448,43.0641],[11.248,43.0716],[11.2575,43.0693],[11.2608,43.0714],[11.2674,43.0715],[11.2689,43.0752],[11.2679,43.0789],[11.2705,43.0816],[11.2646,43.0833],[11.2553,43.0827],[11.2473,43.0864],[11.2417,43.0844],[11.2334,43.0878],[11.2306,43.0922],[11.2247,43.091],[11.2229,43.0885],[11.22,43.089],[11.2181,43.0866],[11.2049,43.09],[11.2031,43.0889],[11.1974,43.0918],[11.1936,43.0911],[11.1911,43.0875],[11.1843,43.0904],[11.1751,43.09],[11.173,43.0866],[11.1735,43.083],[11.1689,43.0785],[11.1595,43.0788],[11.1537,43.0818],[11.1394,43.0834],[11.1359,43.0862],[11.1289,43.0848],[11.1259,43.0907],[11.1223,43.0916],[11.11,43.0903],[11.1049,43.0871],[11.0966,43.087],[11.0966,43.0855],[11.0903,43.0845],[11.0851,43.0859],[11.083,43.0833],[11.0765,43.0881],[11.0705,43.0978],[11.0736,43.0999],[11.0671,43.1096],[11.0612,43.1131],[11.0622,43.1162],[11.0713,43.1231],[11.0582,43.1314],[11.0603,43.134],[11.0576,43.1361],[11.0625,43.1397],[11.0582,43.1435],[11.0527,43.1425],[11.0502,43.1446],[11.0525,43.15],[11.0608,43.1543],[11.0606,43.1585],[11.057,43.1584],[11.0608,43.1643],[11.0569,43.1757],[11.0585,43.1826],[11.0609,43.1848],[11.0566,43.1889],[11.0593,43.1981],[11.062,43.1988],[11.0602,43.1996],[11.062,43.2018],[11.0639,43.2017],[11.0629,43.2042],[11.0679,43.2049],[11.0701,43.2071],[11.0831,43.2098],[11.0955,43.2073],[11.1077,43.2089],[11.111,43.2048],[11.1092,43.2113],[11.1124,43.2184],[11.1103,43.2273],[11.1121,43.2304],[11.1179,43.2325],[11.116,43.242],[11.1084,43.2444],[11.1046,43.2508],[11.1067,43.2566],[11.1093,43.2563],[11.1096,43.2584],[11.1042,43.2646],[11.0873,43.2682],[11.0852,43.2743],[11.0788,43.275],[11.075,43.2779],[11.0443,43.283],[11.0397,43.2816],[11.0374,43.284],[11.0379,43.2875],[11.0318,43.292],[11.0215,43.2895],[11.02,43.2833],[11.0153,43.2852],[11.0128,43.2838],[11.0053,43.285],[10.9965,43.28],[10.9853,43.2854],[10.9865,43.2859],[10.9849,43.2882],[10.9741,43.2922],[10.9729,43.297],[10.9677,43.2963],[10.9521,43.3021],[10.9493,43.3027],[10.9483,43.3061],[10.9431,43.3072],[10.9353,43.3044],[10.9289,43.305],[10.9234,43.3094],[10.9208,43.3151],[10.9175,43.3144],[10.9069,43.3181],[10.9031,43.3172],[10.9014,43.3195],[10.8974,43.3198],[10.8901,43.3292],[10.882,43.3338],[10.8429,43.335],[10.8396,43.3404],[10.8347,43.3407],[10.8365,43.3444],[10.8317,43.347],[10.7977,43.3523],[10.7953,43.355],[10.8037,43.358],[10.8054,43.3637],[10.8041,43.3643],[10.8069,43.3658],[10.807,43.3688],[10.8004,43.3766],[10.8009,43.3801],[10.7948,43.3858],[10.7966,43.3896],[10.7937,43.3915],[10.7927,43.3998],[10.7907,43.4014],[10.7882,43.4005],[10.7864,43.4031],[10.776,43.4041],[10.7772,43.4072],[10.7744,43.4127],[10.7756,43.4152],[10.7715,43.424],[10.7683,43.4238],[10.7654,43.4203],[10.7604,43.4216],[10.7522,43.4193],[10.7456,43.4205],[10.7356,43.4143],[10.7289,43.4128],[10.7205,43.4143],[10.6976,43.4109],[10.686,43.4153],[10.6819,43.4132],[10.6651,43.4111],[10.6549,43.4208],[10.6572,43.4298],[10.6601,43.4328],[10.6442,43.4303],[10.6347,43.4264],[10.6252,43.4126],[10.6167,43.4072],[10.6083,43.405],[10.6009,43.4117],[10.5904,43.4174],[10.5851,43.43],[10.5915,43.4304],[10.5957,43.4373],[10.5906,43.4461],[10.5918,43.4488],[10.6077,43.4586],[10.6001,43.4658],[10.6051,43.4762],[10.6014,43.4829]]]}},{"id":"feature_06","type":"Feature","properties":{"nome":"Etruria-Costa Nord","comuni":["Bibbona","Castagneto Carducci","Cecina","Piombino","San Vincenzo"]},"geometry":{"type":"Polygon","coordinates":[[[10.5442,43.0186],[10.5462,43.0277],[10.5564,43.0269],[10.5606,43.0328],[10.5546,43.0381],[10.5477,43.0505],[10.5608,43.0501],[10.5682,43.0565],[10.5653,43.0602],[10.5808,43.0781],[10.5738,43.0799],[10.5791,43.0837],[10.5867,43.0837],[10.5932,43.0874],[10.609,43.0895],[10.6131,43.093],[10.6269,43.0912],[10.6267,43.0984],[10.6362,43.1087],[10.6386,43.1146],[10.6272,43.1284],[10.6337,43.1334],[10.6325,43.143],[10.6345,43.1496],[10.6329,43.153],[10.65,43.16],[10.6539,43.1648],[10.6487,43.1692],[10.6487,43.1808],[10.6431,43.1908],[10.6621,43.1954],[10.6788,43.193],[10.6815,43.1979],[10.6884,43.2032],[10.6905,43.2082],[10.6854,43.2154],[10.6903,43.2242],[10.6788,43.2247],[10.6706,43.222],[10.6636,43.2265],[10.6621,43.2295],[10.6684,43.232],[10.6702,43.235],[10.6684,43.2431],[10.6654,43.2439],[10.6646,43.2461],[10.6722,43.2473],[10.6675,43.253],[10.667,43.2651],[10.6802,43.2744],[10.6967,43.2809],[10.6947,43.2844],[10.6976,43.2878],[10.6983,43.2926],[10.6954,43.2956],[10.6913,43.2958],[10.6857,43.3015],[10.6793,43.2961],[10.6679,43.2908],[10.6621,43.2903],[10.6571,43.2923],[10.6519,43.2835],[10.6163,43.2827],[10.5793,43.2921],[10.5664,43.2973],[10.563,43.3013],[10.5618,43.3083],[10.5534,43.3076],[10.5497,43.309],[10.5405,43.3131],[10.5319,43.3236],[10.5226,43.3249],[10.533,43.3362],[10.5358,43.3448],[10.5334,43.3572],[10.5371,43.3606],[10.5368,43.3639],[10.54,43.3678],[10.5306,43.368],[10.5147,43.3621],[10.509,43.3632],[10.5051,43.3591],[10.5058,43.3546],[10.5025,43.3482],[10.4826,43.3284],[10.4628,43.3191],[10.4784,43.3093],[10.4848,43.3026],[10.4868,43.3028],[10.5005,43.2918],[10.5092,43.2782],[10.5288,43.2318],[10.5386,43.1683],[10.5395,43.1214],[10.5383,43.1037],[10.5362,43.1001],[10.5375,43.1016],[10.5348,43.0701],[10.5317,43.0527],[10.5216,43.0193],[10.5108,43.0121],[10.5119,43.0106],[10.5099,43.0066],[10.5157,43.0025],[10.5163,42.9998],[10.5121,42.9936],[10.5076,42.9908],[10.5023,42.9905],[10.4947,42.9951],[10.483,42.9884],[10.4834,42.9821],[10.4878,42.9768],[10.4838,42.9667],[10.4859,42.9574],[10.4898,42.9545],[10.4888,42.9531],[10.497,42.9412],[10.499,42.9354],[10.4947,42.9339],[10.4965,42.9319],[10.501,42.9349],[10.4988,42.9398],[10.4985,42.9501],[10.5048,42.9577],[10.502,42.9614],[10.498,42.9628],[10.4964,42.9684],[10.5148,42.9742],[10.5168,42.9799],[10.5253,42.9854],[10.5279,42.9935],[10.5235,42.997],[10.5228,43.0001],[10.5278,43.0062],[10.5368,43.0111],[10.5306,43.0204],[10.5381,43.0231],[10.5442,43.0186]]]}},{"id":"feature_07","type":"Feature","properties":{"nome":"Etruria-Costa Sud","comuni":["Castiglione della Pescaia","Follonica","Piombino","Scarlino"]},"geometry":{"type":"MultiPolygon","coordinates":[[[[10.5442,43.0186],[10.5381,43.0231],[10.5306,43.0204],[10.5368,43.0111],[10.5278,43.0062],[10.5228,43.0001],[10.5235,42.997],[10.5279,42.9935],[10.5253,42.9854],[10.5168,42.9799],[10.5148,42.9742],[10.4964,42.9684],[10.498,42.9628],[10.502,42.9614],[10.5048,42.9577],[10.4985,42.9501],[10.4988,42.9398],[10.501,42.9349],[10.4965,42.9319],[10.5066,42.9299],[10.5049,42.9311],[10.5064,42.9326],[10.511,42.9326],[10.5212,42.9226],[10.525,42.9219],[10.5252,42.9196],[10.5268,42.9211],[10.5435,42.9208],[10.5451,42.9217],[10.5453,42.9253],[10.5524,42.9307],[10.5466,42.9285],[10.5421,42.9316],[10.5446,42.9347],[10.5413,42.9348],[10.5408,42.9367],[10.5488,42.9338],[10.5448,42.9371],[10.5497,42.9384],[10.5521,42.9423],[10.5457,42.944],[10.5471,42.9463],[10.5556,42.9487],[10.5591,42.9478],[10.5583,42.9492],[10.5626,42.9513],[10.5779,42.9532],[10.6236,42.9543],[10.6652,42.9513],[10.6946,42.9458],[10.7434,42.9273],[10.7733,42.9095],[10.7782,42.9034],[10.7726,42.901],[10.7784,42.9031],[10.7845,42.8948],[10.7862,42.8952],[10.785,42.8944],[10.7866,42.8882],[10.7844,42.8873],[10.7859,42.8869],[10.7848,42.8848],[10.7767,42.88],[10.7779,42.8782],[10.7689,42.8692],[10.7717,42.866],[10.7683,42.8601],[10.774,42.8578],[10.7746,42.8538],[10.7716,42.8517],[10.7753,42.849],[10.776,42.8437],[10.7727,42.8309],[10.7632,42.8134],[10.7539,42.807],[10.7432,42.8064],[10.7395,42.8095],[10.7359,42.8077],[10.7364,42.8062],[10.7349,42.8064],[10.7366,42.8051],[10.7338,42.8053],[10.7333,42.8035],[10.7326,42.8047],[10.7354,42.809],[10.7313,42.8036],[10.7326,42.8033],[10.7295,42.8016],[10.7419,42.7992],[10.7743,42.783],[10.7762,42.7798],[10.7796,42.7796],[10.785,42.7745],[10.7905,42.773],[10.795,42.7766],[10.8299,42.7719],[10.8726,42.7635],[10.8774,42.7618],[10.8768,42.76],[10.881,42.7613],[10.9118,42.7534],[10.9157,42.7618],[10.9182,42.7624],[10.9265,42.7896],[10.9724,42.7867],[10.9899,42.7937],[10.9941,42.8002],[11.002,42.8034],[11.0049,42.812],[11.0367,42.8404],[11.0418,42.8488],[11.0435,42.859],[11.0396,42.8728],[11.0203,42.8777],[11.0149,42.8765],[11.0072,42.884],[10.9896,42.8883],[10.963,42.882],[10.9541,42.875],[10.9398,42.8765],[10.9158,42.8682],[10.8897,42.8662],[10.8836,42.8748],[10.8817,42.883],[10.8834,42.8884],[10.8872,42.89],[10.8848,42.8935],[10.8902,42.8992],[10.8931,42.8997],[10.8831,42.9115],[10.8723,42.9203],[10.8707,42.9226],[10.8727,42.9255],[10.8693,42.9303],[10.8569,42.9358],[10.8503,42.9415],[10.8501,42.9436],[10.8462,42.9451],[10.8457,42.9494],[10.8524,42.954],[10.8511,42.9609],[10.8536,42.9632],[10.8409,42.9628],[10.823,42.9588],[10.8062,42.9601],[10.8049,42.9651],[10.8065,42.969],[10.805,42.9693],[10.8029,42.9819],[10.7986,42.9866],[10.7981,42.9916],[10.7927,42.9991],[10.7931,43.0014],[10.7806,43.0034],[10.7756,43.0088],[10.7708,43.0089],[10.7636,43.0133],[10.7565,43.0108],[10.7483,43.0147],[10.7414,43.0146],[10.7403,43.013],[10.7427,43.0085],[10.7379,43.0014],[10.7181,42.9976],[10.7158,42.9997],[10.716,43.0026],[10.7124,43.0091],[10.6787,43.0149],[10.6661,43.0125],[10.6149,42.9897],[10.5939,42.9856],[10.5442,43.0186]]],[[[10.7122,42.7981],[10.7125,42.7967],[10.714,42.7976],[10.7122,42.7981]]]]}},{"id":"feature_08","type":"Feature","properties":{"nome":"Fiora e Albegna","comuni":["Abbadia San Salvatore","Castell'Azzara","Cetona","Manciano","Piancastagnaio","Pitigliano","Radicofani","Roccalbegna","San Casciano dei Bagni","Santa Fiora","Sarteano","Semproniano","Sorano"]},"geometry":{"type":"Polygon","coordinates":[[[11.9495,42.9765],[11.9436,42.9761],[11.9359,42.9807],[11.9329,42.9838],[11.9333,42.9885],[11.9281,42.9893],[11.9309,42.9919],[11.9301,42.9939],[11.922,42.9918],[11.9182,42.9883],[11.9106,43.0048],[11.901,43.0113],[11.9003,43.0134],[11.8929,43.0138],[11.8796,43.0198],[11.8746,43.0193],[11.8725,43.0226],[11.8488,43.0313],[11.8378,43.0302],[11.8322,43.0262],[11.818,43.0288],[11.8152,43.0184],[11.809,43.0106],[11.8071,43.0117],[11.8058,43.0084],[11.7937,43.0057],[11.7863,43.0007],[11.7793,43.0015],[11.777,43.0051],[11.766,43.0061],[11.7607,43.0063],[11.7575,43.0003],[11.7667,42.9868],[11.7794,42.9773],[11.7883,42.96],[11.7856,42.9513],[11.7818,42.9495],[11.7754,42.9595],[11.7663,42.9667],[11.7644,42.9769],[11.7603,42.9787],[11.7573,42.985],[11.7488,42.9897],[11.7467,42.9955],[11.7384,43.0048],[11.7399,43.0083],[11.7383,43.0144],[11.7326,43.0195],[11.7321,43.009],[11.7104,42.9835],[11.7075,42.9764],[11.7089,42.9708],[11.7059,42.9653],[11.7089,42.9586],[11.7071,42.9543],[11.7101,42.9517],[11.7093,42.9479],[11.7136,42.9398],[11.7118,42.9354],[11.7181,42.9299],[11.7201,42.9242],[11.7051,42.9165],[11.6786,42.918],[11.6761,42.9161],[11.6657,42.9147],[11.6436,42.9157],[11.6343,42.9092],[11.6268,42.9116],[11.6242,42.9047],[11.6253,42.8901],[11.6197,42.8814],[11.6082,42.8777],[11.6001,42.8797],[11.5967,42.8725],[11.561,42.8531],[11.5487,42.8401],[11.5465,42.8348],[11.5409,42.834],[11.5351,42.8267],[11.5356,42.8227],[11.5326,42.8178],[11.5168,42.8214],[11.5116,42.8266],[11.5066,42.8249],[11.5002,42.8285],[11.4853,42.8265],[11.4843,42.8221],[11.4648,42.8092],[11.4651,42.8035],[11.4607,42.7943],[11.4506,42.7994],[11.4404,42.8116],[11.4292,42.8147],[11.4221,42.8137],[11.415,42.8223],[11.4161,42.8248],[11.414,42.8269],[11.3915,42.8311],[11.381,42.8403],[11.3743,42.8413],[11.3746,42.832],[11.3565,42.8081],[11.3928,42.7834],[11.393,42.7721],[11.4178,42.7596],[11.4332,42.7496],[11.438,42.7413],[11.4366,42.7337],[11.444,42.7284],[11.4575,42.7124],[11.4548,42.7103],[11.4548,42.7007],[11.4588,42.6965],[11.4531,42.6943],[11.4602,42.6836],[11.4589,42.6796],[11.4611,42.6759],[11.4538,42.6667],[11.4557,42.6528],[11.4528,42.6514],[11.4553,42.6494],[11.4568,42.638],[11.4537,42.6356],[11.4487,42.6357],[11.4514,42.6289],[11.4458,42.6291],[11.4332,42.6241],[11.4398,42.6165],[11.4239,42.6144],[11.4241,42.6116],[11.4213,42.6097],[11.4217,42.6049],[11.417,42.6041],[11.4109,42.5951],[11.3992,42.5971],[11.395,42.5939],[11.3994,42.5881],[11.3952,42.5864],[11.3883,42.5885],[11.3861,42.5881],[11.3844,42.5844],[11.3854,42.58],[11.3792,42.5861],[11.3777,42.5858],[11.3754,42.5822],[11.3768,42.5776],[11.3705,42.5775],[11.3745,42.5733],[11.3739,42.5708],[11.3668,42.566],[11.3582,42.5662],[11.3565,42.561],[11.3603,42.5585],[11.3542,42.5568],[11.3528,42.552],[11.3462,42.5512],[11.342,42.5446],[11.3263,42.5421],[11.3197,42.5454],[11.3156,42.5448],[11.3113,42.5389],[11.3081,42.5401],[11.308,42.5442],[11.3016,42.5408],[11.2954,42.544],[11.2906,42.5398],[11.2827,42.5407],[11.2954,42.5231],[11.3098,42.5127],[11.3186,42.5097],[11.3251,42.5025],[11.3366,42.4951],[11.3458,42.4962],[11.357,42.4928],[11.3758,42.4964],[11.3814,42.4996],[11.3833,42.5052],[11.389,42.5056],[11.3927,42.5104],[11.4007,42.5111],[11.4034,42.5147],[11.4045,42.5209],[11.4094,42.5228],[11.4152,42.5289],[11.4257,42.529],[11.4324,42.525],[11.4373,42.5259],[11.4432,42.5194],[11.4668,42.5151],[11.482,42.508],[11.4955,42.5066],[11.5007,42.5016],[11.5031,42.496],[11.5114,42.4908],[11.514,42.4944],[11.5203,42.4918],[11.5414,42.4742],[11.5353,42.4715],[11.5299,42.463],[11.53,42.4557],[11.5331,42.4527],[11.5327,42.4494],[11.5217,42.4341],[11.5443,42.4422],[11.5545,42.4388],[11.5674,42.4394],[11.5749,42.4374],[11.6011,42.436],[11.6181,42.4368],[11.6192,42.4408],[11.6153,42.4529],[11.619,42.4583],[11.6134,42.4635],[11.62,42.4738],[11.616,42.4845],[11.6163,42.4886],[11.6066,42.4934],[11.5876,42.4952],[11.5841,42.4987],[11.5871,42.5041],[11.5842,42.5069],[11.5741,42.511],[11.5678,42.5097],[11.5659,42.5138],[11.5601,42.5159],[11.5688,42.5338],[11.5729,42.5352],[11.5782,42.5409],[11.5851,42.5428],[11.587,42.5397],[11.5885,42.5423],[11.5882,42.5451],[11.5809,42.5475],[11.5808,42.5495],[11.5853,42.549],[11.5865,42.5508],[11.5809,42.5532],[11.5792,42.568],[11.591,42.5725],[11.5957,42.5694],[11.6005,42.5708],[11.6011,42.5683],[11.6083,42.5662],[11.6089,42.5616],[11.614,42.5572],[11.6255,42.5693],[11.63,42.5696],[11.636,42.5649],[11.6434,42.5663],[11.654,42.5723],[11.6572,42.5772],[11.6682,42.5761],[11.6814,42.5813],[11.6859,42.5853],[11.6791,42.5948],[11.7002,42.601],[11.7111,42.6109],[11.7268,42.6108],[11.7274,42.6064],[11.736,42.6067],[11.7352,42.612],[11.7425,42.6158],[11.7518,42.6256],[11.7497,42.6397],[11.7809,42.6347],[11.7965,42.6435],[11.8048,42.644],[11.8093,42.653],[11.8087,42.6592],[11.8005,42.6686],[11.7845,42.6713],[11.7858,42.6737],[11.7838,42.6815],[11.7864,42.6892],[11.7821,42.6967],[11.7826,42.7055],[11.7789,42.7056],[11.7755,42.7095],[11.7765,42.7105],[11.7777,42.7085],[11.7842,42.7071],[11.8016,42.7072],[11.8008,42.709],[11.8018,42.7124],[11.8047,42.7141],[11.8093,42.7339],[11.8148,42.7364],[11.8155,42.7408],[11.8196,42.745],[11.8135,42.7459],[11.8133,42.7487],[11.8091,42.7532],[11.7794,42.758],[11.7791,42.7607],[11.783,42.7671],[11.7753,42.7677],[11.7659,42.7779],[11.7642,42.7771],[11.7641,42.7793],[11.7593,42.7822],[11.7529,42.7816],[11.746,42.7858],[11.75,42.7905],[11.7533,42.8022],[11.7593,42.809],[11.7686,42.8154],[11.7685,42.82],[11.7742,42.8211],[11.7775,42.8183],[11.7864,42.8163],[11.7933,42.8112],[11.7948,42.8065],[11.8023,42.8045],[11.8041,42.8022],[11.8026,42.7985],[11.8068,42.7949],[11.8114,42.7991],[11.8108,42.8078],[11.8149,42.8154],[11.8132,42.8215],[11.8154,42.8238],[11.8241,42.8266],[11.832,42.8268],[11.8455,42.8341],[11.8494,42.8388],[11.8696,42.834],[11.8746,42.8358],[11.895,42.8347],[11.8919,42.8429],[11.9132,42.8506],[11.9208,42.8572],[11.926,42.8672],[11.929,42.8693],[11.944,42.8718],[11.96,42.8692],[11.9572,42.8794],[11.9591,42.886],[11.9563,42.9004],[11.9492,42.9016],[11.9455,42.9043],[11.9367,42.9035],[11.9335,42.9054],[11.9327,42.9085],[11.9376,42.9226],[11.937,42.9259],[11.9347,42.927],[11.9397,42.9288],[11.9395,42.9367],[11.9437,42.9389],[11.9435,42.9409],[11.9514,42.9481],[11.9521,42.9543],[11.9541,42.9554],[11.9485,42.962],[11.9482,42.9665],[11.9507,42.9703],[11.9495,42.9765]]]}},{"id":"feature_09","type":"Feature","properties":{"nome":"Fiora e Albegna-Costa e Giglio","comuni":["Capalbio","Isola del Giglio","Magliano in Toscana","Monte Argentario","Orbetello"]},"geometry":{"type":"MultiPolygon","coordinates":[[[[11.3883,42.5885],[11.3848,42.5933],[11.3863,42.5952],[11.3809,42.5976],[11.3784,42.6018],[11.3692,42.6022],[11.368,42.6052],[11.3606,42.6084],[11.3595,42.6101],[11.3628,42.6171],[11.3599,42.6204],[11.3611,42.624],[11.3576,42.6256],[11.3568,42.6429],[11.3554,42.6445],[11.352,42.6439],[11.3394,42.6519],[11.3361,42.6591],[11.3294,42.6652],[11.3198,42.667],[11.3102,42.6727],[11.304,42.667],[11.2982,42.6678],[11.2895,42.665],[11.2841,42.6731],[11.2843,42.6811],[11.278,42.6798],[11.2751,42.682],[11.2615,42.6816],[11.2602,42.6879],[11.2632,42.6907],[11.2614,42.6929],[11.2637,42.6976],[11.2618,42.7053],[11.2644,42.7087],[11.2614,42.7132],[11.257,42.7125],[11.2593,42.7173],[11.2514,42.7174],[11.2546,42.7196],[11.2544,42.7238],[11.2507,42.7262],[11.2519,42.7293],[11.2467,42.7292],[11.2448,42.7329],[11.2454,42.735],[11.2518,42.7384],[11.2521,42.7405],[11.2488,42.7446],[11.244,42.7466],[11.2437,42.7503],[11.2382,42.7498],[11.2307,42.7555],[11.2272,42.7469],[11.2206,42.7408],[11.2088,42.7345],[11.2162,42.7315],[11.2242,42.7246],[11.2021,42.7062],[11.1814,42.6928],[11.183,42.6911],[11.1677,42.6765],[11.1621,42.6746],[11.1457,42.6532],[11.1536,42.6452],[11.1515,42.6411],[11.1165,42.6382],[11.0881,42.6321],[11.0839,42.6279],[11.0877,42.6231],[11.0885,42.6179],[11.0826,42.6167],[11.0823,42.6135],[11.0913,42.606],[11.0979,42.6061],[11.1021,42.6018],[11.1049,42.5967],[11.1051,42.5914],[11.1086,42.5875],[11.1063,42.5833],[11.1148,42.5715],[11.1162,42.566],[11.1223,42.5615],[11.1224,42.557],[11.1275,42.5569],[11.1288,42.5541],[11.1339,42.5512],[11.1382,42.5537],[11.136,42.5533],[11.1343,42.5553],[11.139,42.5607],[11.1506,42.5637],[11.1582,42.5621],[11.157,42.5598],[11.1642,42.5551],[11.1642,42.5509],[11.1683,42.5505],[11.1779,42.5397],[11.1909,42.5158],[11.1923,42.4999],[11.1898,42.4822],[11.1848,42.4655],[11.1775,42.4509],[11.1686,42.4399],[11.1607,42.4345],[11.1568,42.434],[11.1495,42.4369],[11.1472,42.4341],[11.1403,42.4339],[11.1379,42.4346],[11.1379,42.4378],[11.1349,42.4371],[11.1321,42.439],[11.1291,42.4372],[11.1242,42.4377],[11.1255,42.4361],[11.1226,42.4346],[11.1201,42.4371],[11.1231,42.4384],[11.1155,42.4398],[11.1162,42.4421],[11.1122,42.447],[11.1076,42.4479],[11.1035,42.4467],[11.1,42.4388],[11.0976,42.44],[11.0956,42.4386],[11.0974,42.436],[11.0965,42.4314],[11.0917,42.4286],[11.0871,42.4299],[11.0903,42.4259],[11.0879,42.4201],[11.0897,42.4189],[11.0886,42.417],[11.0922,42.4158],[11.0907,42.4146],[11.0918,42.4098],[11.0877,42.4056],[11.0954,42.4026],[11.0936,42.4014],[11.0974,42.3966],[11.0961,42.3929],[11.1001,42.3937],[11.11,42.3889],[11.1168,42.3903],[11.1267,42.3862],[11.1311,42.3834],[11.1315,42.3786],[11.1422,42.3775],[11.1514,42.3704],[11.15,42.3661],[11.1532,42.3611],[11.1576,42.3618],[11.1657,42.368],[11.177,42.3684],[11.179,42.3647],[11.1815,42.3653],[11.1819,42.3628],[11.19,42.3636],[11.1878,42.3726],[11.1925,42.3801],[11.2131,42.388],[11.211,42.3939],[11.2112,42.3918],[11.2084,42.3905],[11.2051,42.393],[11.2053,42.3946],[11.2099,42.3949],[11.2099,42.3976],[11.2121,42.3973],[11.21,42.4],[11.2131,42.4036],[11.2095,42.4004],[11.2052,42.4013],[11.211,42.4022],[11.2114,42.4037],[11.2052,42.4025],[11.2064,42.4048],[11.2089,42.4048],[11.2098,42.4085],[11.2258,42.415],[11.2529,42.4196],[11.2684,42.4193],[11.2777,42.4172],[11.2803,42.4079],[11.2904,42.4046],[11.2952,42.4083],[11.3505,42.401],[11.4035,42.3904],[11.4498,42.3776],[11.455,42.3881],[11.4502,42.3912],[11.4498,42.394],[11.458,42.4031],[11.4758,42.4128],[11.4819,42.4198],[11.4819,42.4345],[11.4889,42.4394],[11.4945,42.4373],[11.4995,42.4391],[11.512,42.4345],[11.5217,42.4341],[11.5327,42.4494],[11.5331,42.4527],[11.53,42.4557],[11.5299,42.463],[11.5353,42.4715],[11.5414,42.4742],[11.5203,42.4918],[11.514,42.4944],[11.5114,42.4908],[11.5031,42.496],[11.5007,42.5016],[11.4955,42.5066],[11.482,42.508],[11.4668,42.5151],[11.4432,42.5194],[11.4373,42.5259],[11.4324,42.525],[11.4257,42.529],[11.4152,42.5289],[11.4094,42.5228],[11.4045,42.5209],[11.4034,42.5147],[11.4007,42.5111],[11.3927,42.5104],[11.389,42.5056],[11.3833,42.5052],[11.3814,42.4996],[11.3758,42.4964],[11.357,42.4928],[11.3458,42.4962],[11.3366,42.4951],[11.3251,42.5025],[11.3186,42.5097],[11.3098,42.5127],[11.2954,42.5231],[11.2827,42.5407],[11.2906,42.5398],[11.2954,42.544],[11.3016,42.5408],[11.308,42.5442],[11.3081,42.5401],[11.3113,42.5389],[11.3156,42.5448],[11.3197,42.5454],[11.3263,42.5421],[11.342,42.5446],[11.3462,42.5512],[11.3528,42.552],[11.3542,42.5568],[11.3603,42.5585],[11.3565,42.561],[11.3582,42.5662],[11.3668,42.566],[11.3739,42.5708],[11.3745,42.5733],[11.3705,42.5775],[11.3768,42.5776],[11.3754,42.5822],[11.3777,42.5858],[11.3792,42.5861],[11.3854,42.58],[11.3844,42.5844],[11.3861,42.5881],[11.3883,42.5885]]],[[[11.1379,42.4346],[11.138,42.4348],[11.138,42.4348],[11.1379,42.4346]]],[[[11.0824,42.4181],[11.0829,42.4186],[11.0804,42.4179],[11.0824,42.4181]]],[[[10.8865,42.3895],[10.8802,42.3888],[10.8817,42.3858],[10.8799,42.3823],[10.8839,42.3754],[10.8803,42.3692],[10.8816,42.3676],[10.8749,42.3653],[10.8673,42.3693],[10.8686,42.3666],[10.8644,42.3626],[10.8671,42.3553],[10.8659,42.3534],[10.876,42.3514],[10.8827,42.3526],[10.887,42.3443],[10.8861,42.3427],[10.8907,42.3412],[10.8908,42.3383],[10.8945,42.3394],[10.8952,42.336],[10.9014,42.3314],[10.8998,42.3296],[10.9043,42.3258],[10.9142,42.323],[10.9201,42.3168],[10.921,42.3212],[10.9293,42.3255],[10.9314,42.3314],[10.9317,42.3388],[10.9225,42.3439],[10.9226,42.3466],[10.9261,42.3486],[10.9204,42.3518],[10.9219,42.3549],[10.9278,42.3559],[10.9213,42.3611],[10.9217,42.3596],[10.9196,42.3601],[10.9186,42.3648],[10.9209,42.3654],[10.9191,42.3669],[10.9204,42.3683],[10.9185,42.3672],[10.9132,42.3691],[10.911,42.3722],[10.9123,42.3733],[10.9078,42.376],[10.9052,42.3824],[10.8952,42.3841],[10.8893,42.388],[10.8897,42.3893],[10.8865,42.3895]]],[[[11.2099,42.3826],[11.2094,42.381],[11.2136,42.3791],[11.2117,42.3824],[11.2099,42.3826]]],[[[11.1312,42.3781],[11.1295,42.3777],[11.1305,42.3767],[11.1312,42.3781]]],[[[10.9288,42.3561],[10.9284,42.3561],[10.9293,42.3556],[10.9288,42.3561]]],[[[10.8825,42.3499],[10.8822,42.3498],[10.8827,42.3492],[10.8825,42.3499]]],[[[11.1097,42.2636],[11.1092,42.2611],[11.1037,42.259],[11.0943,42.2587],[11.0954,42.2547],[11.0924,42.2552],[11.0905,42.2534],[11.0973,42.2499],[11.0966,42.2449],[11.0984,42.2423],[11.1099,42.2377],[11.1121,42.2429],[11.1027,42.2459],[11.1034,42.2512],[11.1067,42.2521],[11.1039,42.2539],[11.1092,42.2555],[11.1143,42.254],[11.1164,42.2508],[11.1174,42.2518],[11.117,42.2547],[11.1142,42.2562],[11.1148,42.2593],[11.1097,42.2636]]]]}},{"id":"feature_10","type":"Feature","properties":{"nome":"Isole","comuni":["Campo nell'Elba","Capoliveri","Capraia Isola","Marciana","Marciana Marina","Porto Azzurro","Portoferraio","Rio"]},"geometry":{"type":"MultiPolygon","coordinates":[[[[9.8256,43.0729],[9.8141,43.0643],[9.8142,43.0619],[9.8105,43.0615],[9.8078,43.0579],[9.8001,43.0538],[9.8029,43.0505],[9.7998,43.0471],[9.8015,43.0439],[9.7984,43.0431],[9.8011,43.0409],[9.798,43.0386],[9.8012,43.0368],[9.7985,43.0349],[9.7993,43.0303],[9.7961,43.0285],[9.7972,43.0261],[9.7927,43.0254],[9.7913,43.0234],[9.7934,43.0195],[9.7971,43.0177],[9.796,43.0164],[9.7992,43.0148],[9.8011,43.007],[9.8079,43.0076],[9.8101,43.0023],[9.8115,43.0045],[9.8137,43.0037],[9.8178,43.0066],[9.8161,43.0097],[9.8234,43.0176],[9.8278,43.0183],[9.8284,43.0215],[9.8341,43.0231],[9.8348,43.0264],[9.8417,43.0263],[9.8414,43.0309],[9.8449,43.0378],[9.8451,43.0432],[9.8484,43.0446],[9.8442,43.05],[9.8446,43.0519],[9.8355,43.0491],[9.838,43.0518],[9.8378,43.0557],[9.834,43.0586],[9.8381,43.0626],[9.8366,43.0654],[9.8308,43.0656],[9.8305,43.0695],[9.8256,43.0729]]],[[[9.7976,43.0315],[9.7966,43.0324],[9.796,43.032],[9.7976,43.0315]]],[[[10.4145,42.8716],[10.4123,42.8732],[10.4077,42.8713],[10.404,42.8672],[10.404,42.8614],[10.3965,42.8583],[10.3904,42.8513],[10.3912,42.8439],[10.3881,42.8445],[10.3885,42.8413],[10.3831,42.8366],[10.3855,42.8333],[10.3807,42.8329],[10.3797,42.8264],[10.3772,42.8259],[10.3758,42.8284],[10.3676,42.8173],[10.3594,42.8171],[10.3583,42.8131],[10.363,42.8107],[10.3572,42.8094],[10.3617,42.8043],[10.3574,42.7993],[10.3411,42.7965],[10.3351,42.7985],[10.332,42.8023],[10.3241,42.802],[10.3174,42.8046],[10.316,42.8078],[10.3155,42.8054],[10.3128,42.8068],[10.3172,42.809],[10.3135,42.8099],[10.3232,42.8101],[10.3239,42.8139],[10.3285,42.8127],[10.331,42.8144],[10.3296,42.812],[10.3315,42.812],[10.3348,42.8165],[10.3326,42.8179],[10.3214,42.8174],[10.3157,42.8214],[10.2954,42.8187],[10.287,42.8234],[10.2781,42.8227],[10.2743,42.8252],[10.2691,42.8253],[10.267,42.8291],[10.2631,42.8301],[10.2603,42.8272],[10.2644,42.8242],[10.2697,42.8244],[10.2753,42.8185],[10.2718,42.8139],[10.2624,42.8113],[10.2648,42.8081],[10.2675,42.808],[10.2695,42.8036],[10.2658,42.7997],[10.2622,42.8002],[10.2613,42.7979],[10.2572,42.7994],[10.2572,42.801],[10.2475,42.7992],[10.246,42.7942],[10.2492,42.7936],[10.2489,42.7911],[10.2446,42.7882],[10.2409,42.7874],[10.2382,42.7899],[10.2362,42.7875],[10.2278,42.7896],[10.2182,42.7942],[10.2129,42.7988],[10.2122,42.8023],[10.206,42.8071],[10.1984,42.8059],[10.1941,42.8093],[10.1993,42.8086],[10.195,42.8101],[10.1888,42.8096],[10.1858,42.8124],[10.1791,42.8113],[10.1793,42.808],[10.1746,42.8063],[10.17,42.8061],[10.1668,42.8083],[10.1413,42.8071],[10.1398,42.8093],[10.1211,42.8029],[10.122,42.7999],[10.1196,42.7976],[10.1094,42.7946],[10.1093,42.7919],[10.1053,42.7899],[10.1033,42.7864],[10.1045,42.7723],[10.1027,42.7663],[10.1056,42.7652],[10.1071,42.7607],[10.1135,42.7578],[10.1144,42.7514],[10.1186,42.7486],[10.1222,42.7418],[10.1318,42.7375],[10.1369,42.7318],[10.1477,42.7317],[10.1587,42.7256],[10.1533,42.7312],[10.1545,42.7334],[10.1615,42.7317],[10.1764,42.7361],[10.1829,42.7347],[10.185,42.7373],[10.188,42.7365],[10.188,42.7346],[10.2043,42.7357],[10.2224,42.7281],[10.2372,42.7262],[10.2405,42.7277],[10.2411,42.7334],[10.2346,42.7368],[10.2396,42.7433],[10.2357,42.743],[10.2355,42.7455],[10.2432,42.7503],[10.2561,42.744],[10.2648,42.7451],[10.2703,42.7367],[10.2779,42.7381],[10.2788,42.7364],[10.2813,42.738],[10.283,42.7349],[10.287,42.7356],[10.2901,42.739],[10.2905,42.7442],[10.2889,42.746],[10.2908,42.7528],[10.295,42.7567],[10.2984,42.7553],[10.2979,42.758],[10.3018,42.7597],[10.3125,42.7578],[10.3111,42.7552],[10.3142,42.7517],[10.314,42.7444],[10.3161,42.7389],[10.3195,42.736],[10.3219,42.737],[10.3258,42.744],[10.3182,42.76],[10.3238,42.7622],[10.3327,42.7595],[10.3332,42.7632],[10.3446,42.7639],[10.3582,42.7583],[10.3566,42.7529],[10.3595,42.7513],[10.3586,42.7484],[10.3611,42.7479],[10.3598,42.7461],[10.3671,42.7412],[10.3683,42.7355],[10.3661,42.7319],[10.3736,42.7314],[10.3752,42.7276],[10.3721,42.7263],[10.3771,42.7229],[10.3763,42.7191],[10.3847,42.714],[10.3873,42.7153],[10.3916,42.7139],[10.3958,42.7103],[10.3993,42.7135],[10.4112,42.7164],[10.4193,42.708],[10.4232,42.7078],[10.4317,42.7126],[10.4323,42.7165],[10.4349,42.7182],[10.4341,42.7272],[10.4311,42.7295],[10.4338,42.7347],[10.4234,42.7401],[10.4224,42.7431],[10.4133,42.7432],[10.4107,42.7441],[10.4113,42.7458],[10.4083,42.7458],[10.4062,42.749],[10.4098,42.7508],[10.4081,42.7523],[10.41,42.7548],[10.4058,42.7536],[10.4023,42.7576],[10.3857,42.7593],[10.3881,42.7614],[10.395,42.7624],[10.397,42.7652],[10.3983,42.7633],[10.4059,42.7635],[10.4068,42.7689],[10.4144,42.7673],[10.4161,42.771],[10.4334,42.7748],[10.4351,42.7783],[10.433,42.7895],[10.4297,42.7935],[10.4348,42.7957],[10.4372,42.7991],[10.436,42.8024],[10.432,42.803],[10.4295,42.8057],[10.4298,42.814],[10.4314,42.8162],[10.4299,42.8146],[10.4285,42.8162],[10.432,42.8264],[10.4395,42.8397],[10.443,42.8423],[10.4443,42.8474],[10.4351,42.853],[10.4335,42.8567],[10.4216,42.8594],[10.4204,42.8633],[10.4222,42.865],[10.4208,42.8658],[10.4239,42.8677],[10.4177,42.8674],[10.4145,42.8716]]],[[[10.4241,42.8707],[10.4238,42.8714],[10.4225,42.8709],[10.4241,42.8707]]],[[[10.4755,42.8679],[10.4756,42.8684],[10.475,42.8685],[10.4755,42.8679]]],[[[10.4766,42.8667],[10.4758,42.8673],[10.4718,42.8663],[10.4732,42.8637],[10.4766,42.8667]]],[[[10.5496,42.8606],[10.5458,42.8579],[10.5466,42.856],[10.5482,42.8563],[10.5496,42.8606]]],[[[10.3305,42.8281],[10.3313,42.8284],[10.3311,42.829],[10.3305,42.8281]]],[[[10.3199,42.7344],[10.3193,42.7349],[10.319,42.7342],[10.3199,42.7344]]],[[[10.3742,42.7191],[10.373,42.7189],[10.3753,42.7178],[10.3742,42.7191]]],[[[10.3733,42.7179],[10.372,42.7175],[10.3722,42.7163],[10.3735,42.7166],[10.3733,42.7179]]],[[[10.3733,42.7161],[10.3733,42.7164],[10.3732,42.7161],[10.3733,42.7161]]],[[[10.4062,42.7133],[10.4065,42.7136],[10.4061,42.7135],[10.4062,42.7133]]],[[[10.3611,42.7136],[10.3612,42.7139],[10.3607,42.7135],[10.3611,42.7136]]],[[[10.3611,42.7131],[10.3613,42.7134],[10.3609,42.7131],[10.3611,42.7131]]],[[[10.4133,42.7097],[10.4129,42.71],[10.4128,42.7097],[10.4133,42.7097]]],[[[10.0803,42.622],[10.0798,42.6224],[10.0794,42.6218],[10.0803,42.622]]],[[[10.0797,42.6194],[10.0786,42.6177],[10.0817,42.6171],[10.0801,42.6121],[10.0828,42.6082],[10.0831,42.6036],[10.0784,42.5995],[10.0787,42.5968],[10.074,42.5909],[10.064,42.5868],[10.0542,42.5899],[10.0504,42.5859],[10.046,42.5858],[10.0472,42.5774],[10.0521,42.5739],[10.0587,42.5731],[10.0604,42.5753],[10.0666,42.5755],[10.0677,42.5718],[10.0818,42.571],[10.0886,42.5674],[10.0918,42.5679],[10.0925,42.5725],[10.1035,42.576],[10.0979,42.5772],[10.099,42.579],[10.0965,42.5823],[10.1023,42.5845],[10.1001,42.5861],[10.1021,42.5885],[10.0965,42.588],[10.0936,42.5901],[10.0931,42.595],[10.0861,42.6019],[10.0869,42.6079],[10.0851,42.6112],[10.0897,42.6141],[10.0892,42.6161],[10.0797,42.6194]]],[[[10.1067,42.5846],[10.1053,42.5839],[10.1068,42.5831],[10.1067,42.5846]]],[[[10.0642,42.358],[10.0647,42.3583],[10.0641,42.3588],[10.0642,42.358]]],[[[10.314,42.351],[10.3073,42.3488],[10.3001,42.3507],[10.298,42.3474],[10.2941,42.3471],[10.2953,42.3459],[10.2927,42.3442],[10.2938,42.3406],[10.292,42.3385],[10.2945,42.3346],[10.2891,42.3355],[10.2884,42.3333],[10.2939,42.3288],[10.2893,42.328],[10.2891,42.3263],[10.2913,42.3264],[10.2904,42.3227],[10.2937,42.3173],[10.2977,42.3157],[10.3027,42.3177],[10.3041,42.3155],[10.3065,42.3159],[10.3055,42.3141],[10.3136,42.3158],[10.3175,42.3134],[10.3172,42.3155],[10.3192,42.3161],[10.3174,42.3168],[10.3193,42.3176],[10.3174,42.3202],[10.3191,42.3217],[10.3272,42.3192],[10.3285,42.3218],[10.3316,42.3223],[10.3329,42.3247],[10.3284,42.3267],[10.3323,42.3283],[10.3294,42.3303],[10.3318,42.3334],[10.3277,42.3347],[10.3267,42.3372],[10.33,42.3381],[10.3295,42.3419],[10.3224,42.3439],[10.3223,42.346],[10.314,42.351]]]]}},{"id":"feature_11","type":"Feature","properties":{"nome":"Lunigiana","comuni":["Aulla","Bagnone","Casola in Lunigiana","Comano","Filattiera","Fivizzano","Fosdinovo","Licciana Nardi","Mulazzo","Podenzana","Pontremoli","Tresana","Villafranca in Lunigiana","Zeri"]},"geometry":{"type":"Polygon","coordinates":[[[10.2539,44.2686],[10.237,44.2817],[10.2263,44.3],[10.2182,44.3047],[10.2088,44.302],[10.2017,44.3124],[10.1953,44.3159],[10.1896,44.3143],[10.1872,44.3211],[10.1804,44.3225],[10.176,44.3272],[10.1679,44.3299],[10.1629,44.3367],[10.164,44.3402],[10.162,44.3435],[10.1431,44.3541],[10.1198,44.3534],[10.1041,44.3495],[10.0983,44.3463],[10.092,44.3524],[10.0781,44.3567],[10.0649,44.3644],[10.0571,44.3715],[10.0431,44.3738],[10.0346,44.3799],[10.0217,44.3829],[10.0197,44.3856],[10.0089,44.3893],[10.0067,44.3931],[9.9967,44.3971],[9.994,44.4017],[9.9893,44.4043],[9.9926,44.4122],[10.0021,44.421],[10.0022,44.4256],[10.0063,44.4292],[10.0069,44.4317],[10.0041,44.4344],[10.0047,44.4365],[10.001,44.4432],[9.9963,44.4469],[9.9807,44.445],[9.972,44.4514],[9.9688,44.4592],[9.9718,44.4621],[9.9707,44.4644],[9.9641,44.464],[9.9633,44.4668],[9.9541,44.4685],[9.9394,44.4682],[9.9243,44.4724],[9.9092,44.468],[9.8999,44.4727],[9.8926,44.4702],[9.8732,44.4694],[9.8624,44.4713],[9.8199,44.4664],[9.8159,44.4618],[9.8167,44.4521],[9.8103,44.451],[9.7982,44.4431],[9.7897,44.4361],[9.7723,44.4162],[9.7646,44.4111],[9.7631,44.4081],[9.7565,44.4062],[9.7529,44.4009],[9.7534,44.3975],[9.7553,44.3925],[9.7605,44.3901],[9.7439,44.3895],[9.7444,44.3815],[9.7427,44.3804],[9.7321,44.3794],[9.7169,44.3832],[9.7058,44.3781],[9.7024,44.3737],[9.6956,44.3724],[9.6867,44.3659],[9.6922,44.364],[9.7063,44.3662],[9.7112,44.3636],[9.7108,44.3601],[9.7175,44.3553],[9.7189,44.3473],[9.7277,44.3296],[9.7424,44.3271],[9.7531,44.3227],[9.7615,44.3141],[9.7654,44.3043],[9.7815,44.2984],[9.8057,44.2828],[9.8148,44.2862],[9.8218,44.2813],[9.8353,44.2789],[9.8359,44.2748],[9.8394,44.2721],[9.8527,44.2702],[9.8563,44.2618],[9.8563,44.2573],[9.8611,44.2512],[9.8591,44.2463],[9.8598,44.2386],[9.857,44.234],[9.8635,44.2282],[9.8754,44.2239],[9.8703,44.2188],[9.8654,44.2086],[9.8654,44.2047],[9.8576,44.1935],[9.8641,44.1864],[9.8626,44.1845],[9.8649,44.1807],[9.8705,44.1858],[9.8733,44.1952],[9.8922,44.2055],[9.8912,44.2078],[9.8971,44.2099],[9.9079,44.21],[9.9101,44.203],[9.9145,44.1996],[9.9263,44.1997],[9.934,44.1966],[9.9225,44.1953],[9.9217,44.1923],[9.9203,44.1939],[9.9198,44.1916],[9.9216,44.1898],[9.9127,44.1845],[9.9106,44.1802],[9.9025,44.1773],[9.8981,44.1711],[9.8924,44.168],[9.893,44.1665],[9.8978,44.1636],[9.9217,44.1702],[9.9281,44.1662],[9.9437,44.1684],[9.9547,44.1649],[9.9665,44.1694],[9.974,44.1669],[9.9792,44.1609],[9.9764,44.1518],[9.9811,44.1439],[9.9752,44.1376],[9.9822,44.1322],[9.9836,44.1248],[9.9953,44.1185],[9.9941,44.1058],[9.9826,44.1002],[9.9852,44.0977],[9.9933,44.0927],[10.003,44.1086],[10.0179,44.1193],[10.0318,44.1186],[10.0474,44.1151],[10.05,44.1195],[10.0594,44.1248],[10.0577,44.1271],[10.0594,44.1302],[10.0686,44.1263],[10.0711,44.1284],[10.0782,44.1294],[10.0859,44.1244],[10.0958,44.1252],[10.1021,44.1211],[10.1066,44.1211],[10.1152,44.1248],[10.124,44.1242],[10.1249,44.1192],[10.1368,44.1188],[10.1496,44.1077],[10.159,44.111],[10.1593,44.1155],[10.1624,44.115],[10.1653,44.117],[10.1797,44.1152],[10.1893,44.1221],[10.1865,44.1237],[10.186,44.1334],[10.183,44.1398],[10.1877,44.143],[10.1892,44.153],[10.1958,44.1555],[10.1976,44.1582],[10.1928,44.1671],[10.1996,44.1727],[10.1898,44.1881],[10.1918,44.1928],[10.1865,44.1962],[10.1915,44.1996],[10.1852,44.2055],[10.1932,44.2115],[10.2054,44.2162],[10.2171,44.2174],[10.223,44.2251],[10.2308,44.2283],[10.2393,44.2387],[10.2401,44.2445],[10.2468,44.2508],[10.2471,44.2535],[10.2552,44.2556],[10.2539,44.2686]]]}},{"id":"feature_12","type":"Feature","properties":{"nome":"Mugello-Val di Sieve","comuni":["Barberino di Mugello","Borgo San Lorenzo","Dicomano","Londa","Pelago","Pontassieve","Rufina","San Godenzo","Scarperia e San Piero","Vaglia","Vicchio"]},"geometry":{"type":"Polygon","coordinates":[[[11.2637,44.1043],[11.2525,44.1045],[11.248,44.0976],[11.2443,44.097],[11.2397,44.0985],[11.2374,44.1015],[11.2313,44.1004],[11.2284,44.1024],[11.2136,44.0987],[11.2024,44.1007],[11.2001,44.0999],[11.1992,44.0963],[11.2119,44.0889],[11.2128,44.086],[11.2018,44.0849],[11.1869,44.0744],[11.1865,44.0576],[11.1804,44.0511],[11.1794,44.0423],[11.1916,44.0298],[11.187,44.017],[11.1805,44.0148],[11.1789,44.0104],[11.1735,44.011],[11.177,44.0069],[11.1751,44.0027],[11.176,43.9959],[11.18,43.9928],[11.178,43.9869],[11.1749,43.9876],[11.171,43.9806],[11.1739,43.9745],[11.1694,43.9628],[11.1751,43.9517],[11.1894,43.948],[11.2028,43.9491],[11.2096,43.955],[11.217,43.9549],[11.2221,43.9578],[11.2269,43.9538],[11.2339,43.9519],[11.2502,43.9534],[11.2451,43.9499],[11.2413,43.9341],[11.2503,43.9305],[11.2517,43.9265],[11.2615,43.9238],[11.2616,43.9175],[11.2489,43.9182],[11.254,43.9119],[11.2503,43.9078],[11.2506,43.9055],[11.2374,43.9025],[11.2357,43.9002],[11.2298,43.9003],[11.2328,43.8928],[11.232,43.8815],[11.2378,43.8732],[11.2404,43.8727],[11.2424,43.8668],[11.2524,43.8621],[11.2574,43.8642],[11.2638,43.8735],[11.2854,43.87],[11.2848,43.8674],[11.2738,43.8646],[11.2844,43.8569],[11.287,43.8615],[11.2899,43.8611],[11.2914,43.8501],[11.2865,43.8467],[11.2896,43.8439],[11.2895,43.8373],[11.2924,43.8405],[11.3014,43.8382],[11.3029,43.8401],[11.3012,43.8418],[11.3022,43.8451],[11.3079,43.8428],[11.3154,43.8492],[11.3193,43.8487],[11.3216,43.8531],[11.326,43.8541],[11.327,43.8565],[11.3396,43.8641],[11.3448,43.8704],[11.3808,43.8732],[11.3994,43.87],[11.4057,43.8741],[11.4235,43.8727],[11.4193,43.8659],[11.4237,43.8576],[11.4173,43.8512],[11.4198,43.8417],[11.4272,43.8384],[11.4359,43.8384],[11.4399,43.833],[11.4486,43.8298],[11.4466,43.818],[11.4498,43.8072],[11.4417,43.8001],[11.4372,43.7913],[11.4337,43.7906],[11.4331,43.7861],[11.4397,43.7774],[11.4408,43.77],[11.4572,43.7705],[11.4593,43.7653],[11.4655,43.7597],[11.4642,43.7537],[11.4677,43.747],[11.4673,43.7417],[11.4729,43.7387],[11.4792,43.7383],[11.4974,43.7399],[11.5004,43.7425],[11.5055,43.7418],[11.5167,43.7471],[11.5244,43.7484],[11.5277,43.7526],[11.5447,43.754],[11.552,43.7587],[11.5672,43.7617],[11.5704,43.7662],[11.5771,43.7649],[11.5829,43.7681],[11.5956,43.7711],[11.595,43.7772],[11.5973,43.7832],[11.6022,43.7839],[11.6038,43.7874],[11.6022,43.7912],[11.605,43.8013],[11.6048,43.8102],[11.6085,43.8084],[11.6103,43.8108],[11.6236,43.8149],[11.6253,43.8198],[11.6285,43.8212],[11.6295,43.8249],[11.6233,43.8317],[11.6302,43.8467],[11.6343,43.8472],[11.637,43.845],[11.6497,43.8456],[11.6527,43.8418],[11.6544,43.847],[11.6497,43.8602],[11.6604,43.8719],[11.6704,43.8768],[11.6733,43.8752],[11.6795,43.8779],[11.683,43.8751],[11.692,43.8727],[11.7102,43.8774],[11.7081,43.8869],[11.7156,43.9042],[11.7127,43.9119],[11.7186,43.9223],[11.7142,43.9223],[11.7026,43.9284],[11.6963,43.928],[11.6918,43.9303],[11.6921,43.9329],[11.6842,43.9351],[11.6822,43.9379],[11.6867,43.9417],[11.689,43.95],[11.6926,43.9532],[11.6909,43.9569],[11.671,43.9668],[11.6677,43.972],[11.6635,43.9741],[11.654,43.9753],[11.6503,43.9797],[11.646,43.9907],[11.6369,43.997],[11.6149,43.9991],[11.6133,44.002],[11.6018,44.0073],[11.5941,44.0061],[11.588,44.0005],[11.5863,44.0045],[11.5825,44.0071],[11.583,44.0098],[11.5731,44.0095],[11.5652,44.0164],[11.5637,44.0205],[11.5565,44.0195],[11.5559,44.0134],[11.5518,44.0095],[11.5282,44.0117],[11.5223,44.0186],[11.5344,44.0274],[11.5269,44.0373],[11.4997,44.044],[11.5002,44.0468],[11.4909,44.0541],[11.4792,44.0571],[11.4717,44.0617],[11.465,44.0601],[11.4577,44.0634],[11.4504,44.0561],[11.4517,44.0513],[11.4477,44.0501],[11.4312,44.0497],[11.4264,44.047],[11.4173,44.0501],[11.4043,44.0445],[11.3966,44.046],[11.3904,44.0436],[11.3842,44.0497],[11.3824,44.0551],[11.3751,44.0575],[11.3657,44.0679],[11.3606,44.07],[11.3516,44.0683],[11.3446,44.0711],[11.335,44.0698],[11.3239,44.0787],[11.3154,44.0783],[11.3103,44.0818],[11.3002,44.0835],[11.2848,44.0899],[11.2811,44.0902],[11.2781,44.0801],[11.272,44.0746],[11.2619,44.0705],[11.261,44.0757],[11.263,44.0755],[11.2598,44.0794],[11.2606,44.0891],[11.2651,44.0917],[11.2656,44.0983],[11.2637,44.1043]]]}},{"id":"feature_13","type":"Feature","properties":{"nome":"Ombrone Gr-Alto","comuni":["Asciano","Buonconvento","Casole d'Elsa","Castellina in Chianti","Castelnuovo Berardenga","Chiusdino","Gaiole in Chianti","Montalcino","Monteriggioni","Monteroni d'Arbia","Monticiano","Murlo","Radda in Chianti","Rapolano Terme","Siena","Sovicille","Trequanda"]},"geometry":{"type":"Polygon","coordinates":[[[11.6125,43.3475],[11.5931,43.3526],[11.5787,43.3614],[11.5703,43.3632],[11.5666,43.3623],[11.5638,43.3681],[11.5633,43.3747],[11.548,43.3777],[11.5302,43.3943],[11.5297,43.3986],[11.535,43.4066],[11.5343,43.4105],[11.5456,43.4213],[11.5464,43.4262],[11.5423,43.4332],[11.543,43.4395],[11.5399,43.4452],[11.5471,43.4482],[11.5506,43.4596],[11.5285,43.4569],[11.5246,43.4629],[11.5186,43.4674],[11.5133,43.4687],[11.5045,43.4647],[11.5018,43.4607],[11.4887,43.4778],[11.4846,43.477],[11.479,43.4794],[11.4728,43.4846],[11.4644,43.494],[11.4663,43.4995],[11.4596,43.4999],[11.4579,43.503],[11.4608,43.5103],[11.4529,43.5128],[11.4359,43.5116],[11.434,43.5173],[11.4295,43.5203],[11.4302,43.5234],[11.4252,43.5297],[11.4146,43.5349],[11.403,43.5485],[11.3976,43.5469],[11.3975,43.5482],[11.3859,43.5472],[11.3815,43.5406],[11.3835,43.5376],[11.3819,43.5327],[11.3627,43.5258],[11.3573,43.5282],[11.3558,43.5311],[11.3525,43.5274],[11.3339,43.528],[11.3265,43.5235],[11.3161,43.5227],[11.3072,43.5182],[11.2999,43.521],[11.2987,43.5191],[11.2943,43.5187],[11.2924,43.521],[11.2938,43.5263],[11.2905,43.5329],[11.2787,43.5387],[11.2755,43.5454],[11.2696,43.5458],[11.2683,43.5426],[11.272,43.5292],[11.2532,43.5083],[11.2495,43.507],[11.2436,43.5083],[11.2438,43.5054],[11.2481,43.5007],[11.2457,43.5004],[11.246,43.4986],[11.2433,43.4965],[11.238,43.4957],[11.2283,43.4892],[11.2196,43.488],[11.212,43.4832],[11.2119,43.4803],[11.2211,43.4775],[11.213,43.4694],[11.2192,43.4693],[11.2197,43.4644],[11.2095,43.4545],[11.2123,43.4534],[11.2122,43.4517],[11.2168,43.4511],[11.2158,43.4484],[11.2211,43.4487],[11.2236,43.447],[11.2125,43.4309],[11.2054,43.424],[11.2129,43.4182],[11.2107,43.417],[11.2073,43.4182],[11.2087,43.4142],[11.2072,43.4102],[11.1982,43.4043],[11.1794,43.4014],[11.171,43.4034],[11.1622,43.3933],[11.1508,43.3906],[11.1427,43.3912],[11.1387,43.3875],[11.1336,43.3863],[11.1332,43.3771],[11.1284,43.372],[11.1278,43.3684],[11.1231,43.366],[11.1213,43.3625],[11.133,43.3486],[11.1317,43.3346],[11.1129,43.3252],[11.0787,43.3305],[11.078,43.3326],[11.0843,43.3411],[11.0842,43.3439],[11.0871,43.3444],[11.086,43.3474],[11.0916,43.3515],[11.0756,43.3526],[11.0637,43.369],[11.0634,43.3768],[11.0592,43.3804],[11.046,43.3821],[11.0385,43.3787],[11.0126,43.3766],[11.014,43.3652],[11.0046,43.3561],[10.9977,43.3441],[10.991,43.3423],[10.9721,43.3443],[10.9699,43.3317],[10.9729,43.3232],[10.97,43.3137],[10.964,43.313],[10.96,43.317],[10.9543,43.3181],[10.9521,43.3021],[10.9677,43.2963],[10.9729,43.297],[10.9741,43.2922],[10.9849,43.2882],[10.9865,43.2859],[10.9853,43.2854],[10.9965,43.28],[11.0053,43.285],[11.0128,43.2838],[11.0153,43.2852],[11.02,43.2833],[11.0215,43.2895],[11.0318,43.292],[11.0379,43.2875],[11.0374,43.284],[11.0397,43.2816],[11.0443,43.283],[11.075,43.2779],[11.0788,43.275],[11.0852,43.2743],[11.0873,43.2682],[11.1042,43.2646],[11.1096,43.2584],[11.1093,43.2563],[11.1067,43.2566],[11.1046,43.2508],[11.1084,43.2444],[11.116,43.242],[11.1179,43.2325],[11.1121,43.2304],[11.1103,43.2273],[11.1124,43.2184],[11.1092,43.2113],[11.111,43.2048],[11.1077,43.2089],[11.0955,43.2073],[11.0831,43.2098],[11.0701,43.2071],[11.0679,43.2049],[11.0629,43.2042],[11.0639,43.2017],[11.062,43.2018],[11.0602,43.1996],[11.062,43.1988],[11.0593,43.1981],[11.0566,43.1889],[11.0609,43.1848],[11.0585,43.1826],[11.0569,43.1757],[11.0608,43.1643],[11.057,43.1584],[11.0606,43.1585],[11.0608,43.1543],[11.0525,43.15],[11.0502,43.1446],[11.0527,43.1425],[11.0582,43.1435],[11.0625,43.1397],[11.0576,43.1361],[11.0603,43.134],[11.0582,43.1314],[11.0713,43.1231],[11.0622,43.1162],[11.0612,43.1131],[11.0671,43.1096],[11.0736,43.0999],[11.0705,43.0978],[11.0765,43.0881],[11.083,43.0833],[11.0851,43.0859],[11.0903,43.0845],[11.0966,43.0855],[11.0966,43.087],[11.1049,43.0871],[11.11,43.0903],[11.1223,43.0916],[11.1259,43.0907],[11.1289,43.0848],[11.1359,43.0862],[11.1394,43.0834],[11.1537,43.0818],[11.1595,43.0788],[11.1689,43.0785],[11.1735,43.083],[11.173,43.0866],[11.1751,43.09],[11.1843,43.0904],[11.1911,43.0875],[11.1936,43.0911],[11.1974,43.0918],[11.2031,43.0889],[11.2049,43.09],[11.2181,43.0866],[11.22,43.089],[11.2229,43.0885],[11.2247,43.091],[11.2306,43.0922],[11.2334,43.0878],[11.2417,43.0844],[11.2473,43.0864],[11.2553,43.0827],[11.2646,43.0833],[11.2705,43.0816],[11.2716,43.0802],[11.2729,43.0819],[11.2814,43.0836],[11.2844,43.0805],[11.292,43.0802],[11.2972,43.0771],[11.3094,43.0891],[11.3121,43.0849],[11.3173,43.087],[11.3217,43.0843],[11.3271,43.0912],[11.332,43.0918],[11.3385,43.0899],[11.3393,43.0872],[11.345,43.0863],[11.3529,43.0798],[11.3611,43.0832],[11.3639,43.0811],[11.3722,43.0867],[11.3764,43.0871],[11.3762,43.0938],[11.381,43.0968],[11.3814,43.101],[11.3877,43.1013],[11.3858,43.1072],[11.3898,43.1094],[11.392,43.1062],[11.3948,43.1059],[11.4041,43.1127],[11.4179,43.1088],[11.4244,43.1097],[11.4226,43.1032],[11.4311,43.1039],[11.4371,43.1079],[11.4443,43.1003],[11.4499,43.1029],[11.4469,43.1082],[11.4537,43.1131],[11.4569,43.1095],[11.475,43.1057],[11.4827,43.1092],[11.4889,43.1092],[11.4901,43.1078],[11.4942,43.1089],[11.5011,43.1068],[11.5058,43.1079],[11.5046,43.1067],[11.5082,43.1055],[11.5151,43.1039],[11.5172,43.1054],[11.5243,43.0984],[11.5371,43.1],[11.5424,43.1044],[11.5463,43.1033],[11.5482,43.1006],[11.5564,43.1027],[11.5655,43.0988],[11.5731,43.1038],[11.5765,43.0984],[11.5758,43.0933],[11.5848,43.0986],[11.5891,43.0983],[11.5872,43.1037],[11.5827,43.1048],[11.5794,43.1093],[11.5857,43.1114],[11.5831,43.1144],[11.5857,43.1144],[11.585,43.1178],[11.5936,43.1166],[11.5981,43.1179],[11.6023,43.1152],[11.6085,43.1208],[11.616,43.1189],[11.6294,43.1304],[11.625,43.1335],[11.6397,43.1375],[11.6559,43.1347],[11.6538,43.1289],[11.6571,43.1248],[11.6606,43.105],[11.6667,43.1063],[11.6732,43.1143],[11.6842,43.1119],[11.6953,43.1122],[11.7078,43.1199],[11.7086,43.1302],[11.7157,43.1526],[11.7302,43.1674],[11.7314,43.176],[11.72,43.179],[11.7122,43.1849],[11.7091,43.1902],[11.7139,43.1931],[11.7073,43.2015],[11.7085,43.2044],[11.6934,43.2103],[11.6865,43.2174],[11.6835,43.2256],[11.6799,43.2241],[11.6791,43.2257],[11.6747,43.225],[11.6727,43.2265],[11.6737,43.2293],[11.667,43.2318],[11.6637,43.2364],[11.6653,43.2415],[11.6619,43.2491],[11.6674,43.2507],[11.6635,43.2564],[11.6756,43.2717],[11.6748,43.2734],[11.6692,43.2737],[11.6689,43.2752],[11.6742,43.2783],[11.6781,43.2855],[11.6763,43.2866],[11.6766,43.2911],[11.6736,43.2959],[11.6673,43.3009],[11.6633,43.3058],[11.6639,43.3085],[11.6588,43.3127],[11.6589,43.3209],[11.6395,43.3308],[11.6362,43.3353],[11.626,43.3427],[11.6125,43.3475]]]}},{"id":"feature_14","type":"Feature","properties":{"nome":"Ombrone Gr-Costa","comuni":["Grosseto"]},"geometry":{"type":"MultiPolygon","coordinates":[[[[11.1489,42.9009],[11.1427,42.8934],[11.131,42.8994],[11.083,42.9165],[11.08,42.9231],[11.0771,42.924],[11.0707,42.9223],[11.0713,42.9195],[11.0624,42.9032],[11.0641,42.9017],[11.0577,42.8955],[11.0373,42.9033],[11.0373,42.8803],[11.0396,42.8728],[11.0435,42.859],[11.0418,42.8488],[11.0367,42.8404],[11.0049,42.812],[11.002,42.8034],[10.9941,42.8002],[10.9899,42.7937],[10.9724,42.7867],[10.9265,42.7896],[10.9182,42.7624],[10.9157,42.7618],[10.9118,42.7534],[10.9518,42.7372],[10.9753,42.7208],[10.9814,42.7142],[10.9804,42.7123],[10.9828,42.7131],[10.9808,42.7118],[10.9876,42.7069],[11.0043,42.6763],[11.0066,42.6652],[11.0137,42.6563],[11.0626,42.639],[11.0839,42.6279],[11.0881,42.6321],[11.1165,42.6382],[11.1515,42.6411],[11.1536,42.6452],[11.1457,42.6532],[11.1621,42.6746],[11.1677,42.6765],[11.183,42.6911],[11.1814,42.6928],[11.2021,42.7062],[11.2242,42.7246],[11.2162,42.7315],[11.2088,42.7345],[11.2206,42.7408],[11.2272,42.7469],[11.2307,42.7555],[11.2301,42.7595],[11.2254,42.7607],[11.224,42.7672],[11.2047,42.7795],[11.2062,42.7849],[11.198,42.7876],[11.1932,42.7919],[11.1973,42.7971],[11.2027,42.7985],[11.2049,42.7922],[11.2136,42.7892],[11.2129,42.7961],[11.2066,42.8103],[11.1903,42.8115],[11.184,42.824],[11.178,42.8315],[11.1832,42.8434],[11.1998,42.8538],[11.1882,42.8637],[11.1879,42.869],[11.182,42.8796],[11.1755,42.8849],[11.1691,42.8958],[11.1577,42.8968],[11.1489,42.9009]]],[[[10.8792,42.5789],[10.8788,42.5772],[10.8843,42.5755],[10.8828,42.5779],[10.8792,42.5789]]],[[[10.8947,42.5649],[10.8939,42.5642],[10.8953,42.5628],[10.8947,42.5649]]],[[[10.9009,42.5564],[10.9008,42.5568],[10.9,42.5562],[10.9009,42.5564]]]]}},{"id":"feature_15","type":"Feature","properties":{"nome":"Ombrone Gr-Medio","comuni":["Arcidosso","Campagnatico","Castel del Piano","Castiglione d'Orcia","Cinigiano","Civitella Paganico","Montalcino","Pienza","San Quirico d'Orcia","Scansano","Seggiano"]},"geometry":{"type":"Polygon","coordinates":[[[11.7078,43.1199],[11.6953,43.1122],[11.6842,43.1119],[11.6732,43.1143],[11.6667,43.1063],[11.6606,43.105],[11.6571,43.1248],[11.6538,43.1289],[11.6559,43.1347],[11.6397,43.1375],[11.625,43.1335],[11.6294,43.1304],[11.616,43.1189],[11.6085,43.1208],[11.6023,43.1152],[11.5981,43.1179],[11.5936,43.1166],[11.585,43.1178],[11.5857,43.1144],[11.5831,43.1144],[11.5857,43.1114],[11.5794,43.1093],[11.5827,43.1048],[11.5872,43.1037],[11.5891,43.0983],[11.5848,43.0986],[11.5758,43.0933],[11.5765,43.0984],[11.5731,43.1038],[11.5655,43.0988],[11.5564,43.1027],[11.5482,43.1006],[11.5463,43.1033],[11.5424,43.1044],[11.5371,43.1],[11.5243,43.0984],[11.5172,43.1054],[11.5151,43.1039],[11.5082,43.1055],[11.5046,43.1067],[11.5058,43.1079],[11.5011,43.1068],[11.4942,43.1089],[11.4901,43.1078],[11.4889,43.1092],[11.4827,43.1092],[11.475,43.1057],[11.4569,43.1095],[11.4537,43.1131],[11.4469,43.1082],[11.4499,43.1029],[11.4443,43.1003],[11.4371,43.1079],[11.4311,43.1039],[11.4226,43.1032],[11.4244,43.1097],[11.4179,43.1088],[11.4041,43.1127],[11.3948,43.1059],[11.392,43.1062],[11.3898,43.1094],[11.3858,43.1072],[11.3877,43.1013],[11.3814,43.101],[11.381,43.0968],[11.3762,43.0938],[11.3764,43.0871],[11.3722,43.0867],[11.3639,43.0811],[11.3611,43.0832],[11.3529,43.0798],[11.345,43.0863],[11.3393,43.0872],[11.3385,43.0899],[11.332,43.0918],[11.3271,43.0912],[11.3217,43.0843],[11.3173,43.087],[11.3121,43.0849],[11.3094,43.0891],[11.2972,43.0771],[11.292,43.0802],[11.2844,43.0805],[11.2814,43.0836],[11.2729,43.0819],[11.2716,43.0802],[11.2705,43.0816],[11.2679,43.0789],[11.2689,43.0752],[11.2674,43.0715],[11.2608,43.0714],[11.2575,43.0693],[11.248,43.0716],[11.2448,43.0641],[11.2446,43.0518],[11.2386,43.0522],[11.2364,43.0485],[11.2331,43.0483],[11.2298,43.0524],[11.2255,43.0533],[11.2193,43.0524],[11.1949,43.056],[11.1927,43.056],[11.1879,43.0494],[11.1963,43.0467],[11.1971,43.0416],[11.2005,43.0407],[11.1999,43.031],[11.2041,43.0324],[11.2042,43.0303],[11.2097,43.0282],[11.2127,43.0301],[11.2164,43.0261],[11.2147,43.0234],[11.2183,43.0207],[11.215,43.0144],[11.2187,43.0061],[11.2219,43.0043],[11.2255,42.9935],[11.2252,42.9881],[11.2279,42.9865],[11.2265,42.9822],[11.2313,42.9645],[11.244,42.9558],[11.2419,42.9545],[11.2393,42.9558],[11.2226,42.9495],[11.2111,42.951],[11.2026,42.9469],[11.1997,42.9452],[11.2021,42.9358],[11.2047,42.9344],[11.1956,42.9384],[11.1758,42.9379],[11.1774,42.9354],[11.1754,42.9334],[11.1796,42.9299],[11.1809,42.9263],[11.1798,42.9228],[11.164,42.9177],[11.1606,42.9094],[11.1489,42.9009],[11.1577,42.8968],[11.1691,42.8958],[11.1755,42.8849],[11.182,42.8796],[11.1879,42.869],[11.1882,42.8637],[11.1998,42.8538],[11.1832,42.8434],[11.178,42.8315],[11.184,42.824],[11.1903,42.8115],[11.2066,42.8103],[11.2129,42.7961],[11.2136,42.7892],[11.2049,42.7922],[11.2027,42.7985],[11.1973,42.7971],[11.1932,42.7919],[11.198,42.7876],[11.2062,42.7849],[11.2047,42.7795],[11.224,42.7672],[11.2254,42.7607],[11.2301,42.7595],[11.2307,42.7555],[11.2382,42.7498],[11.2437,42.7503],[11.244,42.7466],[11.2488,42.7446],[11.2521,42.7405],[11.2518,42.7384],[11.2454,42.735],[11.2448,42.7329],[11.2467,42.7292],[11.2519,42.7293],[11.2507,42.7262],[11.2544,42.7238],[11.2546,42.7196],[11.2514,42.7174],[11.2593,42.7173],[11.257,42.7125],[11.2614,42.7132],[11.2644,42.7087],[11.2618,42.7053],[11.2637,42.6976],[11.2614,42.6929],[11.2632,42.6907],[11.2602,42.6879],[11.2615,42.6816],[11.2751,42.682],[11.278,42.6798],[11.2843,42.6811],[11.2841,42.6731],[11.2895,42.665],[11.2982,42.6678],[11.304,42.667],[11.3102,42.6727],[11.3198,42.667],[11.3294,42.6652],[11.3361,42.6591],[11.3394,42.6519],[11.352,42.6439],[11.3554,42.6445],[11.3568,42.6429],[11.3576,42.6256],[11.3611,42.624],[11.3599,42.6204],[11.3628,42.6171],[11.3595,42.6101],[11.3606,42.6084],[11.368,42.6052],[11.3692,42.6022],[11.3784,42.6018],[11.3809,42.5976],[11.3863,42.5952],[11.3848,42.5933],[11.3883,42.5885],[11.3952,42.5864],[11.3994,42.5881],[11.395,42.5939],[11.3992,42.5971],[11.4109,42.5951],[11.417,42.6041],[11.4217,42.6049],[11.4213,42.6097],[11.4241,42.6116],[11.4239,42.6144],[11.4398,42.6165],[11.4332,42.6241],[11.4458,42.6291],[11.4514,42.6289],[11.4487,42.6357],[11.4537,42.6356],[11.4568,42.638],[11.4553,42.6494],[11.4528,42.6514],[11.4557,42.6528],[11.4538,42.6667],[11.4611,42.6759],[11.4589,42.6796],[11.4602,42.6836],[11.4531,42.6943],[11.4588,42.6965],[11.4548,42.7007],[11.4548,42.7103],[11.4575,42.7124],[11.444,42.7284],[11.4366,42.7337],[11.438,42.7413],[11.4332,42.7496],[11.4178,42.7596],[11.393,42.7721],[11.3928,42.7834],[11.3565,42.8081],[11.3746,42.832],[11.3743,42.8413],[11.381,42.8403],[11.3915,42.8311],[11.414,42.8269],[11.4161,42.8248],[11.415,42.8223],[11.4221,42.8137],[11.4292,42.8147],[11.4404,42.8116],[11.4506,42.7994],[11.4607,42.7943],[11.4651,42.8035],[11.4648,42.8092],[11.4843,42.8221],[11.4853,42.8265],[11.5002,42.8285],[11.5066,42.8249],[11.5116,42.8266],[11.5168,42.8214],[11.5326,42.8178],[11.5356,42.8227],[11.5351,42.8267],[11.5409,42.834],[11.5465,42.8348],[11.5487,42.8401],[11.561,42.8531],[11.5967,42.8725],[11.6001,42.8797],[11.6082,42.8777],[11.6197,42.8814],[11.6253,42.8901],[11.6242,42.9047],[11.6268,42.9116],[11.6343,42.9092],[11.6436,42.9157],[11.6657,42.9147],[11.6761,42.9161],[11.6786,42.918],[11.7051,42.9165],[11.7201,42.9242],[11.7181,42.9299],[11.7118,42.9354],[11.7136,42.9398],[11.7093,42.9479],[11.7101,42.9517],[11.7071,42.9543],[11.7089,42.9586],[11.7059,42.9653],[11.7089,42.9708],[11.7075,42.9764],[11.7104,42.9835],[11.7321,43.009],[11.7326,43.0195],[11.7383,43.0144],[11.7399,43.0083],[11.7384,43.0048],[11.7467,42.9955],[11.7488,42.9897],[11.7573,42.985],[11.7603,42.9787],[11.7644,42.9769],[11.7663,42.9667],[11.7754,42.9595],[11.7818,42.9495],[11.7856,42.9513],[11.7883,42.96],[11.7794,42.9773],[11.7667,42.9868],[11.7575,43.0003],[11.7607,43.0063],[11.766,43.0061],[11.7836,43.0144],[11.7778,43.0229],[11.7809,43.0268],[11.7805,43.0311],[11.7731,43.0387],[11.7677,43.0359],[11.7657,43.0392],[11.7687,43.0482],[11.7677,43.0534],[11.7557,43.0607],[11.7513,43.0692],[11.7343,43.0833],[11.7383,43.097],[11.7238,43.102],[11.7238,43.1085],[11.7205,43.1084],[11.7243,43.111],[11.7228,43.1142],[11.715,43.113],[11.7078,43.1199]]]}},{"id":"feature_16","type":"Feature","properties":{"nome":"Reno","comuni":["Cantagallo","Pistoia","Sambuca Pistoiese","San Marcello Piteglio","Vernio"]},"geometry":{"type":"MultiPolygon","coordinates":[[[[11.0822,44.0896],[11.0748,44.0922],[11.0494,44.0902],[11.0477,44.0923],[11.0495,44.0953],[11.0384,44.0971],[11.0345,44.0953],[11.0283,44.0959],[11.0228,44.0976],[11.0208,44.1036],[11.0115,44.1044],[11.0107,44.1067],[11.0016,44.1118],[11.0046,44.1152],[11.0048,44.1215],[11.0135,44.1233],[11.0149,44.1252],[11.0143,44.1375],[11.0065,44.139],[10.9926,44.1355],[10.995,44.1313],[10.994,44.1296],[10.9817,44.1233],[10.9777,44.1232],[10.9786,44.121],[10.9686,44.1142],[10.9706,44.1104],[10.9682,44.1092],[10.9696,44.1066],[10.9672,44.1058],[10.967,44.1033],[10.9618,44.1009],[10.9587,44.0956],[10.9546,44.0938],[10.9553,44.0894],[10.9512,44.0888],[10.9441,44.0812],[10.9275,44.076],[10.917,44.0625],[10.9047,44.0632],[10.8995,44.0654],[10.9024,44.072],[10.9019,44.0761],[10.9056,44.0794],[10.9031,44.0859],[10.8917,44.0927],[10.8763,44.0999],[10.8668,44.1006],[10.8491,44.0981],[10.8486,44.086],[10.8388,44.0806],[10.8331,44.0717],[10.8355,44.0657],[10.8352,44.0609],[10.8385,44.0564],[10.8367,44.051],[10.8408,44.047],[10.8361,44.0414],[10.8303,44.0392],[10.8287,44.032],[10.8247,44.03],[10.8202,44.0239],[10.8074,44.0177],[10.8054,44.0136],[10.8135,44.0072],[10.8118,44.0031],[10.8298,44.0024],[10.8335,44.0042],[10.836,44.0026],[10.8467,44.0034],[10.8501,44.0009],[10.8553,44.0017],[10.8632,44.0122],[10.8731,44.0177],[10.8733,44.023],[10.8769,44.0283],[10.8943,44.0319],[10.9027,44.0381],[10.9165,44.0401],[10.922,44.0461],[10.9314,44.0418],[10.933,44.0368],[10.9301,44.0326],[10.9319,44.0295],[10.9351,44.0283],[10.934,44.0228],[10.9359,44.0189],[10.9469,44.0156],[10.9482,44.0125],[10.9617,44.0102],[10.9818,44.0137],[10.9917,44.0073],[10.994,44.0026],[11.001,44.0014],[11.0057,43.9974],[11.0096,43.9962],[11.0118,43.9976],[11.0147,43.9959],[11.0208,43.9985],[11.0304,43.9988],[11.0315,44.0031],[11.0425,44.0102],[11.0467,44.0109],[11.0501,44.017],[11.0531,44.018],[11.0538,44.0273],[11.0583,44.0321],[11.0581,44.0352],[11.0632,44.0392],[11.0637,44.0443],[11.0686,44.0529],[11.0783,44.0575],[11.0786,44.0692],[11.0764,44.0745],[11.0833,44.0795],[11.08,44.0869],[11.0822,44.0896]]],[[[11.2024,44.1007],[11.1924,44.1052],[11.1703,44.1076],[11.1592,44.1124],[11.1417,44.1102],[11.1394,44.1078],[11.1276,44.1097],[11.1078,44.0999],[11.1046,44.1001],[11.1088,44.0984],[11.1115,44.09],[11.1155,44.0867],[11.1166,44.0826],[11.1217,44.0821],[11.1338,44.0872],[11.144,44.0871],[11.1463,44.09],[11.1602,44.0896],[11.1633,44.0912],[11.1675,44.0849],[11.1729,44.0815],[11.1751,44.0751],[11.1869,44.0744],[11.2018,44.0849],[11.2128,44.086],[11.2119,44.0889],[11.1992,44.0963],[11.2001,44.0999],[11.2024,44.1007]]]]}},{"id":"feature_17","type":"Feature","properties":{"nome":"Romagna-Toscana","comuni":["Firenzuola","Marradi","Palazzuolo sul Senio"]},"geometry":{"type":"Polygon","coordinates":[[[11.646,43.9907],[11.653,43.9991],[11.6485,44.0047],[11.6606,44.0036],[11.6639,44.0056],[11.6565,44.0175],[11.6694,44.0216],[11.6819,44.0212],[11.6866,44.03],[11.6955,44.0361],[11.6958,44.0391],[11.6934,44.0413],[11.6988,44.0469],[11.6969,44.0525],[11.7055,44.0595],[11.7094,44.0666],[11.7272,44.0803],[11.7282,44.0831],[11.7355,44.0862],[11.7374,44.0893],[11.7361,44.0924],[11.7401,44.0993],[11.7489,44.1041],[11.7485,44.1092],[11.7529,44.121],[11.7442,44.1261],[11.7222,44.121],[11.7159,44.1226],[11.7072,44.1218],[11.7044,44.1198],[11.6788,44.1229],[11.6784,44.1194],[11.6756,44.1179],[11.676,44.1139],[11.6708,44.1131],[11.6487,44.0991],[11.6404,44.1112],[11.6129,44.1195],[11.599,44.1186],[11.5909,44.1136],[11.5846,44.1122],[11.5839,44.1162],[11.5878,44.1237],[11.602,44.1255],[11.6032,44.1275],[11.6015,44.133],[11.6035,44.1348],[11.6036,44.1385],[11.6167,44.1434],[11.6175,44.1493],[11.6141,44.1547],[11.6154,44.1583],[11.6083,44.1623],[11.6026,44.1569],[11.5903,44.1625],[11.5732,44.1607],[11.5695,44.1673],[11.5632,44.1678],[11.5524,44.1653],[11.5527,44.1593],[11.5444,44.1525],[11.5289,44.1582],[11.5224,44.1554],[11.5153,44.1581],[11.5164,44.1614],[11.5127,44.1636],[11.5034,44.1623],[11.4895,44.1746],[11.4831,44.1766],[11.4835,44.1786],[11.4895,44.1802],[11.4836,44.1845],[11.4679,44.1848],[11.4707,44.1897],[11.4665,44.1932],[11.4602,44.188],[11.4581,44.1883],[11.4584,44.1921],[11.4529,44.1938],[11.4508,44.2005],[11.4476,44.1995],[11.4462,44.2018],[11.4548,44.2116],[11.4507,44.2184],[11.4516,44.2208],[11.4211,44.2392],[11.4204,44.2353],[11.4144,44.2336],[11.4109,44.2291],[11.3946,44.2198],[11.3874,44.2092],[11.3874,44.2052],[11.3789,44.1994],[11.3636,44.204],[11.3504,44.2035],[11.3428,44.2058],[11.3371,44.201],[11.331,44.1997],[11.3244,44.1946],[11.3232,44.1813],[11.3095,44.1729],[11.2958,44.1724],[11.2981,44.1679],[11.2853,44.1623],[11.2808,44.1537],[11.2715,44.1592],[11.2393,44.1589],[11.214,44.1501],[11.2002,44.1524],[11.1957,44.1514],[11.1936,44.1467],[11.1959,44.1423],[11.214,44.1342],[11.2202,44.1271],[11.2277,44.1283],[11.2314,44.125],[11.2421,44.1223],[11.243,44.1198],[11.2508,44.1159],[11.2602,44.1158],[11.2637,44.1043],[11.2656,44.0983],[11.2651,44.0917],[11.2606,44.0891],[11.2598,44.0794],[11.263,44.0755],[11.261,44.0757],[11.2619,44.0705],[11.272,44.0746],[11.2781,44.0801],[11.2811,44.0902],[11.2848,44.0899],[11.3002,44.0835],[11.3103,44.0818],[11.3154,44.0783],[11.3239,44.0787],[11.335,44.0698],[11.3446,44.0711],[11.3516,44.0683],[11.3606,44.07],[11.3657,44.0679],[11.3751,44.0575],[11.3824,44.0551],[11.3842,44.0497],[11.3904,44.0436],[11.3966,44.046],[11.4043,44.0445],[11.4173,44.0501],[11.4264,44.047],[11.4312,44.0497],[11.4477,44.0501],[11.4517,44.0513],[11.4504,44.0561],[11.4577,44.0634],[11.465,44.0601],[11.4717,44.0617],[11.4792,44.0571],[11.4909,44.0541],[11.5002,44.0468],[11.4997,44.044],[11.5269,44.0373],[11.5344,44.0274],[11.5223,44.0186],[11.5282,44.0117],[11.5518,44.0095],[11.5559,44.0134],[11.5565,44.0195],[11.5637,44.0205],[11.5652,44.0164],[11.5731,44.0095],[11.583,44.0098],[11.5825,44.0071],[11.5863,44.0045],[11.588,44.0005],[11.5941,44.0061],[11.6018,44.0073],[11.6133,44.002],[11.6149,43.9991],[11.6369,43.997],[11.646,43.9907]]]}},{"id":"feature_18","type":"Feature","properties":{"nome":"Serchio-Costa","comuni":["San Giuliano Terme","Vecchiano","Viareggio"]},"geometry":{"type":"Polygon","coordinates":[[[10.4951,43.7582],[10.4806,43.7597],[10.4783,43.7624],[10.4737,43.7628],[10.4682,43.7667],[10.4533,43.7654],[10.4503,43.7726],[10.4415,43.7778],[10.4393,43.7883],[10.4508,43.7943],[10.452,43.8045],[10.4464,43.8091],[10.4416,43.8075],[10.436,43.8114],[10.4277,43.8246],[10.427,43.8329],[10.4251,43.835],[10.4188,43.8307],[10.4138,43.8223],[10.411,43.8269],[10.4065,43.8265],[10.4032,43.8214],[10.3894,43.8182],[10.38,43.8125],[10.3481,43.8166],[10.338,43.8232],[10.3233,43.8209],[10.316,43.8267],[10.3078,43.8289],[10.3114,43.8364],[10.2834,43.8697],[10.2779,43.8719],[10.2804,43.8726],[10.2607,43.8962],[10.255,43.8968],[10.2371,43.8923],[10.2274,43.8878],[10.2398,43.8696],[10.2403,43.8638],[10.2351,43.8623],[10.2422,43.8642],[10.2391,43.8629],[10.2439,43.8627],[10.2417,43.8624],[10.2426,43.8611],[10.2394,43.8589],[10.2422,43.8556],[10.2404,43.855],[10.2379,43.8578],[10.2389,43.8589],[10.2327,43.8623],[10.242,43.8495],[10.2579,43.8157],[10.2593,43.8156],[10.2736,43.7517],[10.2811,43.7473],[10.2991,43.7505],[10.3061,43.7403],[10.3125,43.7347],[10.325,43.7295],[10.3284,43.7304],[10.3293,43.7332],[10.3416,43.7323],[10.39,43.7393],[10.4243,43.7372],[10.4169,43.7254],[10.4284,43.7169],[10.4453,43.7109],[10.4458,43.7165],[10.4493,43.7199],[10.4553,43.7219],[10.4656,43.7207],[10.4711,43.715],[10.4681,43.7076],[10.4688,43.7009],[10.4754,43.6978],[10.4801,43.6996],[10.492,43.7133],[10.4973,43.7125],[10.4986,43.7148],[10.4846,43.7252],[10.4976,43.7338],[10.5006,43.7339],[10.5043,43.7411],[10.5049,43.7441],[10.5008,43.7533],[10.4951,43.7582]]]}},{"id":"feature_19","type":"Feature","properties":{"nome":"Serchio-Garfagnana-Lima","comuni":["Abetone Cutigliano","Bagni di Lucca","Barga","Buggiano","Camporgiano","Careggine","Castelnuovo di Garfagnana","Castiglione di Garfagnana","Coreglia Antelminelli","Fabbriche di Vergemoli","Fosciandora","Gallicano","Marliana","Massa e Cozzile","Minucciano","Molazzana","Montecatini-Terme","Pescia","Piazza al Serchio","Pieve Fosciana","San Marcello Piteglio","San Romano in Garfagnana","Seravezza","Sillano Giuncugnano","Stazzema","Uzzano","Vagli Sotto","Villa Basilica","Villa Collemandina"]},"geometry":{"type":"Polygon","coordinates":[[[10.8491,44.0981],[10.8462,44.1019],[10.8444,44.1094],[10.8389,44.11],[10.8298,44.117],[10.8226,44.1145],[10.8198,44.1116],[10.8148,44.1162],[10.8034,44.1191],[10.8024,44.1224],[10.7967,44.1274],[10.7846,44.1292],[10.7733,44.1347],[10.7661,44.1407],[10.7598,44.151],[10.7543,44.1541],[10.7433,44.1564],[10.7173,44.1556],[10.7124,44.1572],[10.7101,44.1552],[10.6998,44.1547],[10.694,44.1577],[10.6802,44.1567],[10.6671,44.152],[10.6623,44.1525],[10.6593,44.156],[10.6534,44.1578],[10.6479,44.1555],[10.6449,44.1595],[10.6412,44.1598],[10.6361,44.1541],[10.6337,44.1464],[10.6209,44.1406],[10.6247,44.1344],[10.6225,44.1315],[10.6253,44.1269],[10.624,44.1204],[10.6173,44.1208],[10.6083,44.1184],[10.6051,44.1147],[10.5931,44.1154],[10.5841,44.1195],[10.5805,44.1294],[10.5775,44.1319],[10.573,44.1322],[10.5652,44.1392],[10.5565,44.1413],[10.5457,44.1489],[10.5376,44.1505],[10.5323,44.155],[10.5251,44.1562],[10.5194,44.1676],[10.5244,44.1733],[10.5169,44.1829],[10.5138,44.1829],[10.51,44.1869],[10.4902,44.1965],[10.4852,44.2045],[10.493,44.2166],[10.4846,44.2228],[10.4729,44.2241],[10.4649,44.2311],[10.4576,44.2283],[10.4497,44.2298],[10.4433,44.2289],[10.4388,44.2261],[10.4308,44.2267],[10.4147,44.2352],[10.4074,44.2493],[10.4029,44.2499],[10.3881,44.2594],[10.3841,44.2599],[10.3752,44.2697],[10.3653,44.2699],[10.359,44.2722],[10.3493,44.2692],[10.3427,44.2696],[10.3242,44.2765],[10.3181,44.2757],[10.3071,44.2843],[10.2968,44.286],[10.29,44.2817],[10.2697,44.2757],[10.2697,44.2732],[10.2666,44.2717],[10.2539,44.2686],[10.2552,44.2556],[10.2471,44.2535],[10.2468,44.2508],[10.2401,44.2445],[10.2393,44.2387],[10.2308,44.2283],[10.223,44.2251],[10.2171,44.2174],[10.2054,44.2162],[10.1932,44.2115],[10.1852,44.2055],[10.1915,44.1996],[10.1865,44.1962],[10.1918,44.1928],[10.1898,44.1881],[10.1996,44.1727],[10.1928,44.1671],[10.1976,44.1582],[10.1958,44.1555],[10.1892,44.153],[10.1877,44.143],[10.183,44.1398],[10.186,44.1334],[10.1865,44.1237],[10.1893,44.1221],[10.2012,44.1189],[10.2137,44.1186],[10.2183,44.114],[10.2326,44.1087],[10.2334,44.1025],[10.2432,44.0846],[10.2415,44.0835],[10.2391,44.0716],[10.2286,44.0669],[10.2255,44.0605],[10.2219,44.0579],[10.2239,44.0516],[10.2016,44.0358],[10.2064,44.0293],[10.2056,44.0241],[10.1978,44.0178],[10.1877,44.0141],[10.195,44.0093],[10.1987,44.0098],[10.2023,44.0071],[10.2026,44.0047],[10.2116,44.0011],[10.2156,43.995],[10.2084,43.9909],[10.2093,43.9877],[10.2032,43.9838],[10.1838,43.9835],[10.1715,43.9784],[10.1753,43.9745],[10.1842,43.9669],[10.1905,43.97],[10.2165,43.9684],[10.2208,43.9776],[10.22,43.9804],[10.2149,43.9834],[10.241,43.9874],[10.2533,43.9823],[10.2556,43.9793],[10.255,43.9766],[10.2594,43.976],[10.264,43.9673],[10.2662,43.9682],[10.267,43.9662],[10.2745,43.9653],[10.2753,43.961],[10.2798,43.9632],[10.2754,43.9566],[10.301,43.9616],[10.3076,43.9679],[10.3134,43.9642],[10.3156,43.9696],[10.3216,43.9696],[10.3288,43.9723],[10.3386,43.971],[10.3398,43.9755],[10.3528,43.9734],[10.3556,43.9754],[10.3547,43.9791],[10.3492,43.9824],[10.3508,43.9864],[10.3596,43.9905],[10.3609,43.9936],[10.3768,43.994],[10.3909,44.0008],[10.4064,44.0015],[10.4163,43.995],[10.4175,43.9918],[10.4201,43.9914],[10.4344,43.9926],[10.4453,44.0013],[10.4543,43.9975],[10.464,43.9972],[10.4666,44.0037],[10.4641,44.0068],[10.4731,44.0116],[10.469,44.0148],[10.4734,44.0169],[10.4774,44.0156],[10.4843,44.0166],[10.4848,44.0221],[10.4894,44.0254],[10.4927,44.0322],[10.5035,44.022],[10.5075,44.025],[10.514,44.0217],[10.5266,44.0192],[10.5374,44.0199],[10.5527,44.0],[10.5564,44.0007],[10.5636,44.0072],[10.5723,44.0096],[10.573,44.0076],[10.5683,44.005],[10.5666,43.9997],[10.5679,43.9926],[10.5636,43.9883],[10.5697,43.9836],[10.5697,43.9807],[10.5751,43.9813],[10.5784,43.9759],[10.585,43.9759],[10.5866,43.9725],[10.5763,43.9704],[10.5808,43.9621],[10.5857,43.9614],[10.5832,43.9602],[10.5846,43.9566],[10.5915,43.9537],[10.5916,43.9476],[10.5955,43.943],[10.5975,43.9381],[10.595,43.9368],[10.5936,43.9323],[10.6123,43.9312],[10.6178,43.9248],[10.6127,43.9194],[10.614,43.9179],[10.6249,43.9177],[10.6291,43.9135],[10.6388,43.9143],[10.6485,43.9109],[10.6514,43.8997],[10.6583,43.8913],[10.6564,43.8868],[10.6506,43.8855],[10.6505,43.8679],[10.6703,43.8663],[10.6762,43.8679],[10.6708,43.8733],[10.6747,43.8757],[10.6784,43.8755],[10.6823,43.8712],[10.6828,43.8668],[10.6869,43.8665],[10.6877,43.8542],[10.7048,43.853],[10.7074,43.8556],[10.7156,43.8521],[10.7168,43.8536],[10.715,43.8623],[10.7123,43.8641],[10.7311,43.8595],[10.7557,43.8592],[10.7723,43.8516],[10.7736,43.8631],[10.7752,43.8644],[10.7774,43.863],[10.7823,43.8775],[10.7848,43.8779],[10.787,43.8815],[10.7872,43.8836],[10.7843,43.8844],[10.7864,43.8879],[10.7934,43.8915],[10.8003,43.8917],[10.7996,43.8941],[10.8034,43.8981],[10.8038,43.9027],[10.8086,43.9067],[10.8092,43.913],[10.8202,43.9214],[10.8144,43.923],[10.8122,43.9216],[10.8111,43.9243],[10.8167,43.9298],[10.827,43.9313],[10.8272,43.939],[10.8319,43.9418],[10.83,43.9437],[10.839,43.9507],[10.8441,43.9508],[10.8384,43.9593],[10.8381,43.9658],[10.8336,43.9739],[10.8279,43.9784],[10.8188,43.9807],[10.8181,43.984],[10.8086,43.9917],[10.8078,43.9956],[10.8118,44.0031],[10.8135,44.0072],[10.8054,44.0136],[10.8074,44.0177],[10.8202,44.0239],[10.8247,44.03],[10.8287,44.032],[10.8303,44.0392],[10.8361,44.0414],[10.8408,44.047],[10.8367,44.051],[10.8385,44.0564],[10.8352,44.0609],[10.8355,44.0657],[10.8331,44.0717],[10.8388,44.0806],[10.8486,44.086],[10.8491,44.0981]],[[10.4807,44.1895],[10.4807,44.1902],[10.4818,44.1904],[10.4807,44.1895]]]}},{"id":"feature_20","type":"Feature","properties":{"nome":"Serchio-Lucca","comuni":["Borgo a Mozzano","Lucca","Massarosa","Pescaglia"]},"geometry":{"type":"Polygon","coordinates":[[[10.5955,43.943],[10.5916,43.9476],[10.5915,43.9537],[10.5846,43.9566],[10.5832,43.9602],[10.5857,43.9614],[10.5808,43.9621],[10.5763,43.9704],[10.5866,43.9725],[10.585,43.9759],[10.5784,43.9759],[10.5751,43.9813],[10.5697,43.9807],[10.5697,43.9836],[10.5636,43.9883],[10.5679,43.9926],[10.5666,43.9997],[10.5683,44.005],[10.573,44.0076],[10.5723,44.0096],[10.5636,44.0072],[10.5564,44.0007],[10.5527,44.0],[10.5374,44.0199],[10.5266,44.0192],[10.514,44.0217],[10.5075,44.025],[10.5035,44.022],[10.4927,44.0322],[10.4894,44.0254],[10.4848,44.0221],[10.4843,44.0166],[10.4774,44.0156],[10.4734,44.0169],[10.469,44.0148],[10.4731,44.0116],[10.4641,44.0068],[10.4666,44.0037],[10.464,43.9972],[10.4543,43.9975],[10.4453,44.0013],[10.4344,43.9926],[10.4201,43.9914],[10.4175,43.9918],[10.4163,43.995],[10.4064,44.0015],[10.3909,44.0008],[10.3768,43.994],[10.3609,43.9936],[10.3596,43.9905],[10.3508,43.9864],[10.3492,43.9824],[10.3547,43.9791],[10.3556,43.9754],[10.3586,43.971],[10.3566,43.97],[10.3578,43.9676],[10.362,43.9635],[10.3579,43.9582],[10.362,43.9584],[10.3613,43.9564],[10.369,43.951],[10.3676,43.9488],[10.3701,43.9464],[10.3748,43.9445],[10.3788,43.9453],[10.3881,43.9401],[10.3963,43.9432],[10.3988,43.9331],[10.4068,43.9322],[10.4138,43.9262],[10.4126,43.9222],[10.4149,43.9212],[10.4142,43.9174],[10.4091,43.9133],[10.4065,43.9146],[10.404,43.9117],[10.4072,43.9099],[10.4064,43.9058],[10.4125,43.9033],[10.4121,43.9018],[10.4083,43.8991],[10.4029,43.8984],[10.3872,43.8986],[10.3852,43.8915],[10.3947,43.8852],[10.3872,43.8847],[10.3807,43.8805],[10.3659,43.882],[10.3626,43.8805],[10.3641,43.8899],[10.379,43.9022],[10.362,43.9046],[10.3413,43.8989],[10.327,43.9022],[10.3233,43.9048],[10.3238,43.9083],[10.3217,43.9107],[10.3095,43.9165],[10.3095,43.9222],[10.306,43.9242],[10.2966,43.9156],[10.2935,43.9164],[10.2934,43.9193],[10.2902,43.9198],[10.2664,43.9127],[10.2637,43.9108],[10.2669,43.9028],[10.255,43.8968],[10.2607,43.8962],[10.2804,43.8726],[10.2779,43.8719],[10.2834,43.8697],[10.3114,43.8364],[10.3078,43.8289],[10.316,43.8267],[10.3233,43.8209],[10.338,43.8232],[10.3481,43.8166],[10.38,43.8125],[10.3894,43.8182],[10.4032,43.8214],[10.4065,43.8265],[10.411,43.8269],[10.4138,43.8223],[10.4188,43.8307],[10.4251,43.835],[10.427,43.8329],[10.4277,43.8246],[10.436,43.8114],[10.4416,43.8075],[10.4464,43.8091],[10.452,43.8045],[10.4508,43.7943],[10.4393,43.7883],[10.4415,43.7778],[10.4503,43.7726],[10.4533,43.7654],[10.4682,43.7667],[10.4737,43.7628],[10.4783,43.7624],[10.4806,43.7597],[10.4951,43.7582],[10.4979,43.7644],[10.4981,43.7715],[10.4932,43.7746],[10.4866,43.7757],[10.4905,43.7843],[10.4913,43.7913],[10.495,43.7959],[10.494,43.8112],[10.4966,43.8174],[10.4996,43.8195],[10.5075,43.8175],[10.5052,43.8198],[10.5151,43.8212],[10.5174,43.8258],[10.5215,43.8252],[10.5226,43.8218],[10.5271,43.8217],[10.5337,43.8306],[10.5331,43.8372],[10.5371,43.8377],[10.5383,43.8409],[10.5395,43.8378],[10.5462,43.8376],[10.5554,43.839],[10.5593,43.8415],[10.5597,43.8485],[10.5573,43.85],[10.5568,43.8572],[10.5459,43.8686],[10.5505,43.8698],[10.5481,43.8724],[10.5491,43.8771],[10.5291,43.8859],[10.5339,43.8973],[10.5377,43.8981],[10.5394,43.8956],[10.545,43.8983],[10.5516,43.8977],[10.5568,43.9017],[10.5606,43.9006],[10.5669,43.9037],[10.5686,43.9064],[10.5626,43.9093],[10.567,43.9153],[10.5614,43.9232],[10.5623,43.9285],[10.5698,43.9367],[10.5737,43.9371],[10.5753,43.9413],[10.5872,43.9375],[10.592,43.9382],[10.5921,43.9407],[10.5955,43.943]]]}},{"id":"feature_21","type":"Feature","properties":{"nome":"Valdarno Inf.","comuni":["Altopascio","Bientina","Buti","Calci","Calcinaia","Capannoli","Capannori","Capraia e Limite","Casciana Terme Lari","Cascina","Castelfranco di Sotto","Cerreto Guidi","Chiesina Uzzanese","Collesalvetti","Crespina Lorenzana","Empoli","Fauglia","Fucecchio","Lamporecchio","Larciano","Monsummano Terme","Montecarlo","Montelupo Fiorentino","Montopoli in Val d'Arno","Pieve a Nievole","Ponsacco","Ponte Buggianese","Pontedera","Porcari","San Miniato","Santa Croce sull'Arno","Santa Maria a Monte","Vicopisano","Vinci"]},"geometry":{"type":"Polygon","coordinates":[[[10.8086,43.9067],[10.8038,43.9027],[10.8034,43.8981],[10.7996,43.8941],[10.8003,43.8917],[10.7934,43.8915],[10.7864,43.8879],[10.7843,43.8844],[10.7872,43.8836],[10.787,43.8815],[10.7848,43.8779],[10.7823,43.8775],[10.7774,43.863],[10.7752,43.8644],[10.7736,43.8631],[10.7723,43.8516],[10.7557,43.8592],[10.7311,43.8595],[10.7123,43.8641],[10.715,43.8623],[10.7168,43.8536],[10.7156,43.8521],[10.7074,43.8556],[10.7048,43.853],[10.6877,43.8542],[10.6869,43.8665],[10.6828,43.8668],[10.6823,43.8712],[10.6784,43.8755],[10.6747,43.8757],[10.6708,43.8733],[10.6762,43.8679],[10.6703,43.8663],[10.6505,43.8679],[10.6506,43.8855],[10.6564,43.8868],[10.6583,43.8913],[10.6514,43.8997],[10.6485,43.9109],[10.6388,43.9143],[10.6291,43.9135],[10.6249,43.9177],[10.614,43.9179],[10.6127,43.9194],[10.6178,43.9248],[10.6123,43.9312],[10.5936,43.9323],[10.595,43.9368],[10.5975,43.9381],[10.5955,43.943],[10.5921,43.9407],[10.592,43.9382],[10.5872,43.9375],[10.5753,43.9413],[10.5737,43.9371],[10.5698,43.9367],[10.5623,43.9285],[10.5614,43.9232],[10.567,43.9153],[10.5626,43.9093],[10.5686,43.9064],[10.5669,43.9037],[10.5606,43.9006],[10.5568,43.9017],[10.5516,43.8977],[10.545,43.8983],[10.5394,43.8956],[10.5377,43.8981],[10.5339,43.8973],[10.5291,43.8859],[10.5491,43.8771],[10.5481,43.8724],[10.5505,43.8698],[10.5459,43.8686],[10.5568,43.8572],[10.5573,43.85],[10.5597,43.8485],[10.5593,43.8415],[10.5554,43.839],[10.5462,43.8376],[10.5395,43.8378],[10.5383,43.8409],[10.5371,43.8377],[10.5331,43.8372],[10.5337,43.8306],[10.5271,43.8217],[10.5226,43.8218],[10.5215,43.8252],[10.5174,43.8258],[10.5151,43.8212],[10.5052,43.8198],[10.5075,43.8175],[10.4996,43.8195],[10.4966,43.8174],[10.494,43.8112],[10.495,43.7959],[10.4913,43.7913],[10.4905,43.7843],[10.4866,43.7757],[10.4932,43.7746],[10.4981,43.7715],[10.4979,43.7644],[10.4951,43.7582],[10.5008,43.7533],[10.5049,43.7441],[10.5043,43.7411],[10.5006,43.7339],[10.4976,43.7338],[10.4846,43.7252],[10.4986,43.7148],[10.4973,43.7125],[10.492,43.7133],[10.4801,43.6996],[10.4754,43.6978],[10.4688,43.7009],[10.4681,43.7076],[10.4711,43.715],[10.4656,43.7207],[10.4553,43.7219],[10.4493,43.7199],[10.4458,43.7165],[10.4453,43.7109],[10.4443,43.7095],[10.4476,43.7034],[10.4558,43.7009],[10.4529,43.6968],[10.4554,43.6939],[10.4417,43.6734],[10.4416,43.6689],[10.4379,43.6636],[10.4408,43.6506],[10.4116,43.6286],[10.4092,43.6206],[10.3771,43.6094],[10.3654,43.6045],[10.3661,43.6029],[10.338,43.5959],[10.3394,43.5841],[10.3404,43.5804],[10.3466,43.5761],[10.3749,43.575],[10.3813,43.5673],[10.3965,43.5643],[10.4022,43.5584],[10.4114,43.5544],[10.4124,43.5501],[10.4084,43.5452],[10.4184,43.5324],[10.4164,43.5214],[10.4181,43.5126],[10.4163,43.5107],[10.4205,43.5045],[10.4382,43.4954],[10.4442,43.4978],[10.447,43.4944],[10.4474,43.4902],[10.4661,43.4926],[10.4662,43.4905],[10.4733,43.4916],[10.4846,43.4864],[10.4738,43.5048],[10.4743,43.5132],[10.479,43.5181],[10.4877,43.5087],[10.5026,43.5121],[10.5142,43.5026],[10.5272,43.4986],[10.5425,43.5062],[10.5444,43.5168],[10.5461,43.5176],[10.5461,43.5153],[10.5517,43.5136],[10.5583,43.5076],[10.5607,43.5014],[10.5681,43.5016],[10.5728,43.5042],[10.5985,43.4976],[10.5964,43.4892],[10.5997,43.4871],[10.6014,43.4829],[10.6111,43.4861],[10.6127,43.4926],[10.6253,43.4995],[10.628,43.5039],[10.6363,43.5084],[10.6539,43.5126],[10.656,43.5158],[10.6554,43.5178],[10.6483,43.5194],[10.6496,43.5209],[10.6478,43.5223],[10.6463,43.5215],[10.643,43.5286],[10.6449,43.5309],[10.6425,43.5343],[10.644,43.5349],[10.6418,43.538],[10.6311,43.5437],[10.6295,43.5469],[10.629,43.5518],[10.6269,43.5536],[10.6314,43.5567],[10.6281,43.567],[10.6309,43.5733],[10.6368,43.5726],[10.6372,43.5758],[10.6391,43.5763],[10.6415,43.571],[10.6561,43.5665],[10.6585,43.563],[10.6572,43.5539],[10.6613,43.5519],[10.6695,43.5554],[10.6702,43.5596],[10.673,43.5614],[10.6795,43.5626],[10.683,43.5657],[10.6842,43.5697],[10.6892,43.5723],[10.6901,43.576],[10.6864,43.5785],[10.6865,43.5814],[10.7214,43.5805],[10.7162,43.5836],[10.7167,43.586],[10.713,43.5861],[10.7043,43.591],[10.6996,43.5963],[10.6995,43.5999],[10.6958,43.6005],[10.698,43.6053],[10.6929,43.6044],[10.6944,43.6071],[10.6879,43.608],[10.6839,43.6119],[10.6903,43.6142],[10.6912,43.6195],[10.6969,43.6173],[10.7049,43.6204],[10.7041,43.6225],[10.7063,43.6236],[10.7037,43.6294],[10.7013,43.6302],[10.7036,43.6316],[10.7038,43.6364],[10.7059,43.6384],[10.702,43.6401],[10.702,43.6421],[10.7057,43.6465],[10.7096,43.6447],[10.7183,43.6449],[10.718,43.6482],[10.7233,43.6496],[10.7253,43.6427],[10.7394,43.6367],[10.7595,43.6423],[10.7607,43.6485],[10.7735,43.6414],[10.7807,43.641],[10.8049,43.6251],[10.8122,43.6227],[10.8202,43.6142],[10.8224,43.6139],[10.8258,43.6206],[10.8332,43.6222],[10.8351,43.6178],[10.8391,43.6219],[10.8498,43.6257],[10.852,43.6292],[10.865,43.62],[10.8692,43.6194],[10.874,43.6142],[10.8759,43.6151],[10.8746,43.6212],[10.878,43.6262],[10.8857,43.6251],[10.8887,43.6284],[10.8864,43.6344],[10.8883,43.6396],[10.895,43.6381],[10.9019,43.6318],[10.9028,43.6388],[10.9138,43.6411],[10.9165,43.6479],[10.926,43.6526],[10.9277,43.6518],[10.934,43.6577],[10.9364,43.6531],[10.9409,43.6546],[10.9439,43.6507],[10.9458,43.6515],[10.9427,43.6549],[10.9513,43.6613],[10.9507,43.6661],[10.9548,43.6713],[10.971,43.6599],[10.9776,43.6638],[10.9882,43.6622],[10.9935,43.6701],[10.9863,43.6756],[10.9914,43.6757],[11.0013,43.6804],[11.0012,43.6869],[11.0026,43.6872],[10.9996,43.6914],[11.0044,43.6933],[11.0035,43.6968],[11.0078,43.6992],[11.0066,43.6995],[11.0073,43.705],[11.0229,43.6993],[11.0291,43.701],[11.0335,43.7065],[11.0369,43.703],[11.0396,43.6935],[11.0498,43.6965],[11.0576,43.6942],[11.0678,43.6974],[11.0662,43.7084],[11.059,43.71],[11.0548,43.7089],[11.0494,43.7134],[11.0426,43.7143],[11.0427,43.7188],[11.0364,43.7181],[11.0358,43.723],[11.0285,43.7243],[11.0466,43.7326],[11.0468,43.7346],[11.0423,43.7384],[11.0527,43.7485],[11.05,43.7507],[11.0488,43.7564],[11.0427,43.7584],[11.0458,43.7643],[11.0406,43.7673],[11.0347,43.7669],[11.0282,43.7737],[11.0281,43.7796],[11.0184,43.7794],[11.0126,43.7742],[11.0075,43.7765],[10.9983,43.777],[10.9851,43.7848],[10.9784,43.7847],[10.9797,43.7939],[10.9767,43.7985],[10.9694,43.8039],[10.9641,43.8125],[10.957,43.8194],[10.942,43.8234],[10.9351,43.8362],[10.9149,43.8471],[10.9061,43.8467],[10.9041,43.8499],[10.9013,43.8477],[10.8981,43.8529],[10.8889,43.8537],[10.879,43.8488],[10.8781,43.8555],[10.8821,43.8647],[10.8703,43.8676],[10.8601,43.8728],[10.8573,43.8775],[10.8445,43.885],[10.8434,43.8874],[10.8422,43.8863],[10.8324,43.8886],[10.8168,43.8867],[10.8173,43.8884],[10.811,43.8965],[10.8152,43.9056],[10.8086,43.9067]]]}},{"id":"feature_22","type":"Feature","properties":{"nome":"Valdelsa-Valdera","comuni":["Barberino Tavarnelle","Castelfiorentino","Certaldo","Chianni","Colle di Val d'Elsa","Gambassi Terme","Lajatico","Montaione","Montespertoli","Palaia","Peccioli","Poggibonsi","San Gimignano","Terricciola","Volterra"]},"geometry":{"type":"Polygon","coordinates":[[[11.272,43.5292],[11.2663,43.5268],[11.2566,43.5321],[11.2401,43.5283],[11.2376,43.5309],[11.2321,43.5321],[11.2231,43.5305],[11.2118,43.5322],[11.2031,43.5299],[11.1961,43.5305],[11.1984,43.5376],[11.1924,43.5499],[11.1779,43.5502],[11.1632,43.5457],[11.1496,43.5477],[11.1571,43.557],[11.1586,43.5671],[11.1542,43.5715],[11.1479,43.5737],[11.1437,43.5898],[11.145,43.5933],[11.1497,43.5914],[11.1632,43.6024],[11.1517,43.6109],[11.1334,43.6181],[11.1326,43.6215],[11.1388,43.6273],[11.1279,43.6387],[11.1293,43.6423],[11.1281,43.6466],[11.1335,43.6442],[11.1489,43.6481],[11.1506,43.6477],[11.1492,43.6465],[11.1539,43.6467],[11.1573,43.6499],[11.1385,43.6616],[11.1262,43.6834],[11.0959,43.6963],[11.0842,43.7034],[11.0662,43.7084],[11.0678,43.6974],[11.0576,43.6942],[11.0498,43.6965],[11.0396,43.6935],[11.0369,43.703],[11.0335,43.7065],[11.0291,43.701],[11.0229,43.6993],[11.0073,43.705],[11.0066,43.6995],[11.0078,43.6992],[11.0035,43.6968],[11.0044,43.6933],[10.9996,43.6914],[11.0026,43.6872],[11.0012,43.6869],[11.0013,43.6804],[10.9914,43.6757],[10.9863,43.6756],[10.9935,43.6701],[10.9882,43.6622],[10.9776,43.6638],[10.971,43.6599],[10.9548,43.6713],[10.9507,43.6661],[10.9513,43.6613],[10.9427,43.6549],[10.9458,43.6515],[10.9439,43.6507],[10.9409,43.6546],[10.9364,43.6531],[10.934,43.6577],[10.9277,43.6518],[10.926,43.6526],[10.9165,43.6479],[10.9138,43.6411],[10.9028,43.6388],[10.9019,43.6318],[10.895,43.6381],[10.8883,43.6396],[10.8864,43.6344],[10.8887,43.6284],[10.8857,43.6251],[10.878,43.6262],[10.8746,43.6212],[10.8759,43.6151],[10.874,43.6142],[10.8692,43.6194],[10.865,43.62],[10.852,43.6292],[10.8498,43.6257],[10.8391,43.6219],[10.8351,43.6178],[10.8332,43.6222],[10.8258,43.6206],[10.8224,43.6139],[10.8202,43.6142],[10.8122,43.6227],[10.8049,43.6251],[10.7807,43.641],[10.7735,43.6414],[10.7607,43.6485],[10.7595,43.6423],[10.7394,43.6367],[10.7253,43.6427],[10.7233,43.6496],[10.718,43.6482],[10.7183,43.6449],[10.7096,43.6447],[10.7057,43.6465],[10.702,43.6421],[10.702,43.6401],[10.7059,43.6384],[10.7038,43.6364],[10.7036,43.6316],[10.7013,43.6302],[10.7037,43.6294],[10.7063,43.6236],[10.7041,43.6225],[10.7049,43.6204],[10.6969,43.6173],[10.6912,43.6195],[10.6903,43.6142],[10.6839,43.6119],[10.6879,43.608],[10.6944,43.6071],[10.6929,43.6044],[10.698,43.6053],[10.6958,43.6005],[10.6995,43.5999],[10.6996,43.5963],[10.7043,43.591],[10.713,43.5861],[10.7167,43.586],[10.7162,43.5836],[10.7214,43.5805],[10.6865,43.5814],[10.6864,43.5785],[10.6901,43.576],[10.6892,43.5723],[10.6842,43.5697],[10.683,43.5657],[10.6795,43.5626],[10.673,43.5614],[10.6702,43.5596],[10.6695,43.5554],[10.6613,43.5519],[10.6572,43.5539],[10.6585,43.563],[10.6561,43.5665],[10.6415,43.571],[10.6391,43.5763],[10.6372,43.5758],[10.6368,43.5726],[10.6309,43.5733],[10.6281,43.567],[10.6314,43.5567],[10.6269,43.5536],[10.629,43.5518],[10.6295,43.5469],[10.6311,43.5437],[10.6418,43.538],[10.644,43.5349],[10.6425,43.5343],[10.6449,43.5309],[10.643,43.5286],[10.6463,43.5215],[10.6478,43.5223],[10.6496,43.5209],[10.6483,43.5194],[10.6554,43.5178],[10.656,43.5158],[10.6539,43.5126],[10.6363,43.5084],[10.628,43.5039],[10.6253,43.4995],[10.6127,43.4926],[10.6111,43.4861],[10.6014,43.4829],[10.6051,43.4762],[10.6001,43.4658],[10.6077,43.4586],[10.5918,43.4488],[10.5906,43.4461],[10.5957,43.4373],[10.5915,43.4304],[10.5851,43.43],[10.5904,43.4174],[10.6009,43.4117],[10.6083,43.405],[10.6167,43.4072],[10.6252,43.4126],[10.6347,43.4264],[10.6442,43.4303],[10.6601,43.4328],[10.6572,43.4298],[10.6549,43.4208],[10.6651,43.4111],[10.6819,43.4132],[10.686,43.4153],[10.6976,43.4109],[10.7205,43.4143],[10.7289,43.4128],[10.7356,43.4143],[10.7456,43.4205],[10.7522,43.4193],[10.7604,43.4216],[10.7654,43.4203],[10.7683,43.4238],[10.7715,43.424],[10.7756,43.4152],[10.7744,43.4127],[10.7772,43.4072],[10.776,43.4041],[10.7864,43.4031],[10.7882,43.4005],[10.7907,43.4014],[10.7927,43.3998],[10.7937,43.3915],[10.7966,43.3896],[10.7948,43.3858],[10.8009,43.3801],[10.8004,43.3766],[10.807,43.3688],[10.8069,43.3658],[10.8041,43.3643],[10.8054,43.3637],[10.8037,43.358],[10.7953,43.355],[10.7977,43.3523],[10.8317,43.347],[10.8365,43.3444],[10.8347,43.3407],[10.8396,43.3404],[10.8429,43.335],[10.882,43.3338],[10.8901,43.3292],[10.8974,43.3198],[10.9014,43.3195],[10.9031,43.3172],[10.9069,43.3181],[10.9175,43.3144],[10.9208,43.3151],[10.9234,43.3094],[10.9289,43.305],[10.9353,43.3044],[10.9431,43.3072],[10.9483,43.3061],[10.9493,43.3027],[10.9521,43.3021],[10.9543,43.3181],[10.96,43.317],[10.964,43.313],[10.97,43.3137],[10.9729,43.3232],[10.9699,43.3317],[10.9721,43.3443],[10.991,43.3423],[10.9977,43.3441],[11.0046,43.3561],[11.014,43.3652],[11.0126,43.3766],[11.0385,43.3787],[11.046,43.3821],[11.0592,43.3804],[11.0634,43.3768],[11.0637,43.369],[11.0756,43.3526],[11.0916,43.3515],[11.086,43.3474],[11.0871,43.3444],[11.0842,43.3439],[11.0843,43.3411],[11.078,43.3326],[11.0787,43.3305],[11.1129,43.3252],[11.1317,43.3346],[11.133,43.3486],[11.1213,43.3625],[11.1231,43.366],[11.1278,43.3684],[11.1284,43.372],[11.1332,43.3771],[11.1336,43.3863],[11.1387,43.3875],[11.1427,43.3912],[11.1508,43.3906],[11.1622,43.3933],[11.171,43.4034],[11.1794,43.4014],[11.1982,43.4043],[11.2072,43.4102],[11.2087,43.4142],[11.2073,43.4182],[11.2107,43.417],[11.2129,43.4182],[11.2054,43.424],[11.2125,43.4309],[11.2236,43.447],[11.2211,43.4487],[11.2158,43.4484],[11.2168,43.4511],[11.2122,43.4517],[11.2123,43.4534],[11.2095,43.4545],[11.2197,43.4644],[11.2192,43.4693],[11.213,43.4694],[11.2211,43.4775],[11.2119,43.4803],[11.212,43.4832],[11.2196,43.488],[11.2283,43.4892],[11.238,43.4957],[11.2433,43.4965],[11.246,43.4986],[11.2457,43.5004],[11.2481,43.5007],[11.2438,43.5054],[11.2436,43.5083],[11.2495,43.507],[11.2532,43.5083],[11.272,43.5292]]]}},{"id":"feature_23","type":"Feature","properties":{"nome":"Valdichiana","comuni":["Arezzo","Castiglion Fiorentino","Chianciano Terme","Chiusi","Civitella in Val di Chiana","Cortona","Foiano della Chiana","Lucignano","Marciano della Chiana","Monte San Savino","Montepulciano","Sinalunga","Torrita di Siena"]},"geometry":{"type":"Polygon","coordinates":[[[11.9271,43.5467],[11.9113,43.5409],[11.9064,43.54],[11.9055,43.5417],[11.8972,43.5374],[11.8899,43.5421],[11.8855,43.5489],[11.8788,43.5494],[11.8789,43.5522],[11.8751,43.5528],[11.8761,43.5552],[11.8623,43.5574],[11.8482,43.5454],[11.857,43.537],[11.8573,43.5271],[11.8464,43.5277],[11.846,43.5223],[11.8424,43.5187],[11.8283,43.5202],[11.8244,43.5142],[11.8162,43.5098],[11.8119,43.514],[11.8113,43.5174],[11.8049,43.5199],[11.8031,43.5194],[11.8037,43.5179],[11.7982,43.5182],[11.7951,43.5238],[11.7972,43.5255],[11.7957,43.5282],[11.7921,43.5319],[11.7869,43.5338],[11.7804,43.5344],[11.7783,43.5282],[11.7752,43.5258],[11.7774,43.5148],[11.7633,43.5177],[11.7557,43.5217],[11.7502,43.517],[11.7524,43.5156],[11.7512,43.51],[11.7524,43.5037],[11.755,43.501],[11.748,43.4936],[11.7449,43.4931],[11.7442,43.4984],[11.7407,43.5014],[11.7332,43.5015],[11.7314,43.4973],[11.7244,43.4983],[11.7243,43.491],[11.7295,43.4851],[11.7249,43.4822],[11.7218,43.4762],[11.7176,43.4758],[11.7141,43.4777],[11.7164,43.4594],[11.7145,43.4564],[11.7177,43.4532],[11.716,43.4405],[11.7187,43.4279],[11.7178,43.4224],[11.6955,43.4225],[11.6898,43.4243],[11.6792,43.4215],[11.667,43.4216],[11.6672,43.4137],[11.6781,43.4075],[11.6804,43.403],[11.6688,43.3937],[11.6743,43.375],[11.678,43.3686],[11.6724,43.3711],[11.6605,43.3702],[11.6524,43.3738],[11.6414,43.3702],[11.6369,43.3707],[11.63,43.3676],[11.6251,43.3689],[11.6147,43.3626],[11.6167,43.36],[11.6123,43.3539],[11.6125,43.3475],[11.626,43.3427],[11.6362,43.3353],[11.6395,43.3308],[11.6589,43.3209],[11.6588,43.3127],[11.6639,43.3085],[11.6633,43.3058],[11.6673,43.3009],[11.6736,43.2959],[11.6766,43.2911],[11.6763,43.2866],[11.6781,43.2855],[11.6742,43.2783],[11.6689,43.2752],[11.6692,43.2737],[11.6748,43.2734],[11.6756,43.2717],[11.6635,43.2564],[11.6674,43.2507],[11.6619,43.2491],[11.6653,43.2415],[11.6637,43.2364],[11.667,43.2318],[11.6737,43.2293],[11.6727,43.2265],[11.6747,43.225],[11.6791,43.2257],[11.6799,43.2241],[11.6835,43.2256],[11.6865,43.2174],[11.6934,43.2103],[11.7085,43.2044],[11.7073,43.2015],[11.7139,43.1931],[11.7091,43.1902],[11.7122,43.1849],[11.72,43.179],[11.7314,43.176],[11.7302,43.1674],[11.7157,43.1526],[11.7086,43.1302],[11.7078,43.1199],[11.715,43.113],[11.7228,43.1142],[11.7243,43.111],[11.7205,43.1084],[11.7238,43.1085],[11.7238,43.102],[11.7383,43.097],[11.7343,43.0833],[11.7513,43.0692],[11.7557,43.0607],[11.7677,43.0534],[11.7687,43.0482],[11.7657,43.0392],[11.7677,43.0359],[11.7731,43.0387],[11.7805,43.0311],[11.7809,43.0268],[11.7778,43.0229],[11.7836,43.0144],[11.766,43.0061],[11.777,43.0051],[11.7793,43.0015],[11.7863,43.0007],[11.7937,43.0057],[11.8058,43.0084],[11.8071,43.0117],[11.809,43.0106],[11.8152,43.0184],[11.818,43.0288],[11.8322,43.0262],[11.8378,43.0302],[11.8488,43.0313],[11.8725,43.0226],[11.8746,43.0193],[11.8796,43.0198],[11.8929,43.0138],[11.9003,43.0134],[11.901,43.0113],[11.9106,43.0048],[11.9182,42.9883],[11.922,42.9918],[11.9301,42.9939],[11.9309,42.9919],[11.9281,42.9893],[11.9333,42.9885],[11.9329,42.9838],[11.9359,42.9807],[11.9436,42.9761],[11.9495,42.9765],[11.9543,42.9787],[11.9655,43.0105],[11.972,43.022],[11.9724,43.0353],[11.9757,43.0417],[11.9799,43.0446],[11.9823,43.0514],[11.9808,43.0564],[11.9725,43.064],[11.9566,43.0687],[11.9504,43.0644],[11.9513,43.0603],[11.9481,43.0556],[11.9408,43.053],[11.9361,43.0559],[11.9321,43.0677],[11.927,43.0749],[11.9236,43.0747],[11.9225,43.0815],[11.93,43.0881],[11.9307,43.0934],[11.9256,43.1044],[11.922,43.1062],[11.9209,43.1176],[11.9124,43.1284],[11.9204,43.1317],[11.925,43.1492],[11.9347,43.156],[11.9404,43.1575],[11.9402,43.1612],[11.9702,43.1692],[11.9766,43.1751],[11.9888,43.1816],[12.0064,43.1805],[12.0227,43.1863],[12.0275,43.1916],[12.0247,43.1934],[12.0291,43.1966],[12.0251,43.2009],[12.03,43.2043],[12.0363,43.2159],[12.0343,43.2193],[12.0362,43.2256],[12.039,43.2289],[12.0434,43.2295],[12.0358,43.2395],[12.034,43.2467],[12.0489,43.2531],[12.0585,43.2471],[12.0747,43.2443],[12.0853,43.2364],[12.0915,43.2358],[12.0948,43.2372],[12.0943,43.2392],[12.1034,43.2411],[12.111,43.2502],[12.1211,43.255],[12.1391,43.2529],[12.1486,43.2546],[12.1621,43.2657],[12.1747,43.2731],[12.1863,43.2739],[12.2101,43.2827],[12.2138,43.2876],[12.2136,43.291],[12.2219,43.2933],[12.2239,43.2958],[12.2058,43.3049],[12.2021,43.3095],[12.196,43.3101],[12.1951,43.3144],[12.1829,43.3005],[12.1852,43.2944],[12.177,43.2818],[12.1647,43.2823],[12.1591,43.2854],[12.1496,43.2863],[12.1325,43.2931],[12.1258,43.3068],[12.1359,43.3179],[12.1332,43.3202],[12.1374,43.3279],[12.1354,43.3417],[12.1214,43.3617],[12.1113,43.3691],[12.1026,43.3725],[12.0934,43.3664],[12.0833,43.367],[12.0792,43.365],[12.0754,43.367],[12.073,43.3704],[12.073,43.3876],[12.0778,43.3994],[12.0773,43.4021],[12.0721,43.4046],[12.0527,43.3976],[12.05,43.4008],[12.0314,43.4011],[12.0252,43.4156],[12.0321,43.4237],[12.0455,43.4267],[12.0466,43.429],[12.0526,43.4313],[12.0536,43.4349],[12.0517,43.436],[12.0537,43.4408],[12.0532,43.4457],[12.0474,43.4483],[12.0461,43.451],[12.0468,43.4538],[12.0495,43.4533],[12.0495,43.4578],[12.0558,43.4639],[12.0503,43.4702],[12.0419,43.4749],[12.0407,43.4785],[12.0271,43.4889],[12.0088,43.4869],[11.9987,43.4809],[11.9918,43.4799],[11.9893,43.4862],[11.9899,43.4918],[11.978,43.4986],[11.9642,43.5149],[11.9547,43.5133],[11.9521,43.5219],[11.9433,43.5276],[11.9429,43.5313],[11.9386,43.5353],[11.9375,43.5409],[11.9341,43.5429],[11.9333,43.5471],[11.9271,43.5467]]]}},{"id":"feature_24","type":"Feature","properties":{"nome":"Valtiberina","comuni":["Anghiari","Badia Tedalda","Caprese Michelangelo","Monterchi","Pieve Santo Stefano","Sansepolcro","Sestino"]},"geometry":{"type":"MultiPolygon","coordinates":[[[[12.2243,43.8099],[12.2173,43.8028],[12.1986,43.8062],[12.1872,43.8039],[12.1763,43.8113],[12.1701,43.8064],[12.1703,43.8032],[12.1754,43.8005],[12.171,43.793],[12.1842,43.7815],[12.1856,43.7745],[12.1993,43.7704],[12.1994,43.7741],[12.2136,43.7837],[12.2341,43.7872],[12.2437,43.7852],[12.2424,43.7894],[12.2364,43.794],[12.2383,43.7996],[12.2335,43.8065],[12.2243,43.8099]]],[[[12.0536,43.4349],[12.0593,43.4386],[12.0814,43.4341],[12.0955,43.446],[12.0999,43.4478],[12.0995,43.4544],[12.104,43.4605],[12.1239,43.467],[12.1296,43.4729],[12.137,43.4682],[12.1432,43.4703],[12.1448,43.4796],[12.1407,43.4825],[12.131,43.4826],[12.1281,43.4898],[12.1235,43.4872],[12.1195,43.488],[12.1187,43.4913],[12.1112,43.4927],[12.1096,43.4958],[12.0959,43.4987],[12.0912,43.503],[12.0909,43.5112],[12.0954,43.5226],[12.1027,43.5299],[12.1067,43.529],[12.1089,43.5325],[12.116,43.5276],[12.1193,43.5321],[12.1257,43.5299],[12.1298,43.5334],[12.1343,43.5317],[12.1358,43.5344],[12.1421,43.5358],[12.1472,43.5308],[12.1532,43.5287],[12.1532,43.5334],[12.1603,43.5452],[12.1582,43.5483],[12.1627,43.5614],[12.1719,43.5674],[12.18,43.5757],[12.1846,43.5841],[12.1944,43.5887],[12.197,43.5939],[12.196,43.5991],[12.1999,43.6037],[12.2138,43.6109],[12.2099,43.621],[12.2037,43.6265],[12.1897,43.6329],[12.1859,43.6424],[12.1947,43.6437],[12.1987,43.6495],[12.2037,43.6518],[12.2111,43.6498],[12.2201,43.6507],[12.2327,43.6556],[12.2412,43.6637],[12.2482,43.6674],[12.2506,43.6714],[12.2504,43.6749],[12.2444,43.6814],[12.2526,43.6789],[12.2571,43.6838],[12.2622,43.68],[12.2735,43.676],[12.2763,43.678],[12.2821,43.678],[12.2868,43.6824],[12.2935,43.6843],[12.2918,43.688],[12.2972,43.6859],[12.2995,43.6879],[12.2993,43.6935],[12.3058,43.6979],[12.3025,43.6998],[12.3044,43.7022],[12.3054,43.7131],[12.301,43.72],[12.3035,43.7263],[12.3083,43.7302],[12.3141,43.7205],[12.314,43.7008],[12.3214,43.6934],[12.3206,43.6881],[12.3164,43.6841],[12.3157,43.6779],[12.3312,43.6735],[12.336,43.6776],[12.3337,43.6812],[12.3331,43.6927],[12.3297,43.6986],[12.3305,43.708],[12.3348,43.7072],[12.3451,43.71],[12.3458,43.707],[12.3516,43.7075],[12.3525,43.7047],[12.3573,43.702],[12.3686,43.706],[12.3713,43.709],[12.3684,43.715],[12.3563,43.7214],[12.343,43.7334],[12.3347,43.7384],[12.334,43.742],[12.3271,43.751],[12.3171,43.7556],[12.3074,43.7564],[12.3025,43.7549],[12.291,43.7617],[12.2841,43.7624],[12.2838,43.7649],[12.2779,43.7648],[12.2619,43.7593],[12.2556,43.7604],[12.2503,43.7564],[12.2547,43.7533],[12.2459,43.7512],[12.2414,43.7514],[12.2412,43.7542],[12.229,43.7595],[12.2215,43.7561],[12.2167,43.7581],[12.2093,43.7571],[12.2085,43.7493],[12.1977,43.7448],[12.2005,43.7403],[12.1948,43.7319],[12.1911,43.7352],[12.1866,43.736],[12.1846,43.7421],[12.1728,43.7475],[12.1637,43.7624],[12.1507,43.7583],[12.1421,43.7526],[12.1252,43.7493],[12.1053,43.7533],[12.0993,43.7488],[12.0859,43.7463],[12.0778,43.7406],[12.0646,43.7429],[12.0611,43.7485],[12.0614,43.753],[12.0513,43.7574],[12.0463,43.7569],[12.0449,43.7586],[12.0442,43.7554],[12.0462,43.7552],[12.0423,43.7538],[12.0287,43.7616],[12.0204,43.7606],[12.0103,43.7634],[12.0064,43.7665],[11.9865,43.7619],[11.9811,43.7405],[11.9843,43.7306],[11.9798,43.724],[11.9735,43.7213],[11.975,43.7145],[11.9798,43.7112],[11.9846,43.6999],[11.9808,43.6957],[11.9818,43.6838],[11.9784,43.6799],[11.9728,43.68],[11.9699,43.6761],[11.9602,43.6808],[11.9261,43.666],[11.9252,43.657],[11.9198,43.6514],[11.9182,43.6433],[11.9142,43.6384],[11.9224,43.6278],[11.9396,43.6257],[11.9456,43.6218],[11.9468,43.6144],[11.9422,43.6047],[11.9606,43.6027],[11.9654,43.5884],[11.9642,43.5841],[11.9679,43.575],[11.9639,43.5702],[11.9551,43.5652],[11.9505,43.5581],[11.9355,43.5506],[11.931,43.5518],[11.9271,43.5467],[11.9333,43.5471],[11.9341,43.5429],[11.9375,43.5409],[11.9386,43.5353],[11.9429,43.5313],[11.9433,43.5276],[11.9521,43.5219],[11.9547,43.5133],[11.9642,43.5149],[11.978,43.4986],[11.9899,43.4918],[11.9893,43.4862],[11.9918,43.4799],[11.9987,43.4809],[12.0088,43.4869],[12.0271,43.4889],[12.0407,43.4785],[12.0419,43.4749],[12.0503,43.4702],[12.0558,43.4639],[12.0495,43.4578],[12.0495,43.4533],[12.0468,43.4538],[12.0461,43.451],[12.0474,43.4483],[12.0532,43.4457],[12.0537,43.4408],[12.0517,43.436],[12.0536,43.4349]]]]}},{"id":"feature_25","type":"Feature","properties":{"nome":"Versilia","comuni":["Camaiore","Carrara","Forte dei Marmi","Massa","Montignoso","Pietrasanta"]},"geometry":{"type":"Polygon","coordinates":[[[10.1893,44.1221],[10.1797,44.1152],[10.1653,44.117],[10.1624,44.115],[10.1593,44.1155],[10.159,44.111],[10.1496,44.1077],[10.1368,44.1188],[10.1249,44.1192],[10.124,44.1242],[10.1152,44.1248],[10.1066,44.1211],[10.1021,44.1211],[10.0958,44.1252],[10.0859,44.1244],[10.0782,44.1294],[10.0711,44.1284],[10.0686,44.1263],[10.0594,44.1302],[10.0577,44.1271],[10.0594,44.1248],[10.05,44.1195],[10.0474,44.1151],[10.0504,44.1106],[10.0572,44.1089],[10.0604,44.1033],[10.0693,44.098],[10.0689,44.0952],[10.0709,44.0931],[10.0663,44.0861],[10.0615,44.0833],[10.0621,44.0801],[10.055,44.0773],[10.0357,44.0639],[10.0327,44.0654],[10.0188,44.0445],[10.0353,44.0347],[10.0341,44.0327],[10.0414,44.0267],[10.0355,44.0329],[10.0378,44.036],[10.0391,44.0344],[10.0409,44.0363],[10.0402,44.0345],[10.0413,44.034],[10.0404,44.0345],[10.0414,44.0346],[10.0419,44.0354],[10.0415,44.0362],[10.0458,44.0342],[10.0421,44.0292],[10.0457,44.0328],[10.0501,44.0311],[10.0517,44.0324],[10.0669,44.0267],[10.1151,43.9969],[10.1375,43.9805],[10.1398,43.9766],[10.1472,43.9734],[10.1662,43.9573],[10.1635,43.9557],[10.1662,43.9573],[10.1887,43.9363],[10.2049,43.9188],[10.2274,43.8878],[10.2371,43.8923],[10.255,43.8968],[10.2669,43.9028],[10.2637,43.9108],[10.2664,43.9127],[10.2902,43.9198],[10.2934,43.9193],[10.2935,43.9164],[10.2966,43.9156],[10.306,43.9242],[10.3095,43.9222],[10.3095,43.9165],[10.3217,43.9107],[10.3238,43.9083],[10.3233,43.9048],[10.327,43.9022],[10.3413,43.8989],[10.362,43.9046],[10.379,43.9022],[10.3641,43.8899],[10.3626,43.8805],[10.3659,43.882],[10.3807,43.8805],[10.3872,43.8847],[10.3947,43.8852],[10.3852,43.8915],[10.3872,43.8986],[10.4029,43.8984],[10.4083,43.8991],[10.4121,43.9018],[10.4125,43.9033],[10.4064,43.9058],[10.4072,43.9099],[10.404,43.9117],[10.4065,43.9146],[10.4091,43.9133],[10.4142,43.9174],[10.4149,43.9212],[10.4126,43.9222],[10.4138,43.9262],[10.4068,43.9322],[10.3988,43.9331],[10.3963,43.9432],[10.3881,43.9401],[10.3788,43.9453],[10.3748,43.9445],[10.3701,43.9464],[10.3676,43.9488],[10.369,43.951],[10.3613,43.9564],[10.362,43.9584],[10.3579,43.9582],[10.362,43.9635],[10.3578,43.9676],[10.3566,43.97],[10.3586,43.971],[10.3556,43.9754],[10.3528,43.9734],[10.3398,43.9755],[10.3386,43.971],[10.3288,43.9723],[10.3216,43.9696],[10.3156,43.9696],[10.3134,43.9642],[10.3076,43.9679],[10.301,43.9616],[10.2754,43.9566],[10.2798,43.9632],[10.2753,43.961],[10.2745,43.9653],[10.267,43.9662],[10.2662,43.9682],[10.264,43.9673],[10.2594,43.976],[10.255,43.9766],[10.2556,43.9793],[10.2533,43.9823],[10.241,43.9874],[10.2149,43.9834],[10.22,43.9804],[10.2208,43.9776],[10.2165,43.9684],[10.1905,43.97],[10.1842,43.9669],[10.1753,43.9745],[10.1715,43.9784],[10.1838,43.9835],[10.2032,43.9838],[10.2093,43.9877],[10.2084,43.9909],[10.2156,43.995],[10.2116,44.0011],[10.2026,44.0047],[10.2023,44.0071],[10.1987,44.0098],[10.195,44.0093],[10.1877,44.0141],[10.1978,44.0178],[10.2056,44.0241],[10.2064,44.0293],[10.2016,44.0358],[10.2239,44.0516],[10.2219,44.0579],[10.2255,44.0605],[10.2286,44.0669],[10.2391,44.0716],[10.2415,44.0835],[10.2432,44.0846],[10.2334,44.1025],[10.2326,44.1087],[10.2183,44.114],[10.2137,44.1186],[10.2012,44.1189],[10.1893,44.1221]]]}}]}